theta,q3_over_t,dq3
0.45,-1.917754,0.42189901
0.45379483,-1.88551,0.42501336
0.45758966,-1.8539693,0.42811768
0.46138449,-1.823112,0.43121193
0.46517932,-1.7929189,0.43429608
0.46897415,-1.7633714,0.43737007
0.47276897,-1.7344517,0.44043388
0.4765638,-1.7061425,0.44348746
0.48035863,-1.6784271,0.44653078
0.48415346,-1.6512894,0.44956381
0.48794829,-1.6247139,0.4525865
0.49174312,-1.5986855,0.45559883
0.49553795,-1.5731898,0.45860076
0.49933278,-1.5482127,0.46159226
0.50312761,-1.5237405,0.4645733
0.50692244,-1.4997603,0.46754384
0.51071726,-1.4762593,0.47050387
0.51451209,-1.4532251,0.47345334
0.51830692,-1.430646,0.47639223
0.52210175,-1.4085104,0.47932052
0.52589658,-1.3868072,0.48223817
0.52969141,-1.3655255,0.48514517
0.53348624,-1.3446549,0.48804148
0.53728107,-1.3241853,0.49092708
0.5410759,-1.3041068,0.49380195
0.54487073,-1.28441,0.49666606
0.54866555,-1.2650855,0.4995194
0.55246038,-1.2461245,0.50236195
0.55625521,-1.2275182,0.50519367
0.56005004,-1.2092583,0.50801456
0.56384487,-1.1913366,0.51082459
0.5676397,-1.173745,0.51362375
0.57143453,-1.156476,0.51641202
0.57522936,-1.1395221,0.51918939
0.57902419,-1.1228759,0.52195583
0.58281902,-1.1065305,0.52471133
0.58661384,-1.090479,0.52745588
0.59040867,-1.0747147,0.53018947
0.5942035,-1.0592311,0.53291207
0.59799833,-1.044022,0.53562369
0.60179316,-1.0290813,0.53832431
0.60558799,-1.014403,0.54101392
0.60938282,-0.99998133,0.5436925
0.61317765,-0.98581068,0.54636006
0.61697248,-0.97188557,0.54901658
0.62076731,-0.95820068,0.55166205
0.62456214,-0.94475084,0.55429646
0.62835696,-0.93153101,0.55691982
0.63215179,-0.91853628,0.55953211
0.63594662,-0.90576188,0.56213334
0.63974145,-0.89320314,0.56472348
0.64353628,-0.88085556,0.56730256
0.64733111,-0.86871471,0.56987055
0.65112594,-0.8567763,0.57242745
0.65492077,-0.84503614,0.57497328
0.6587156,-0.83349015,0.57750801
0.66251043,-0.82213436,0.58003166
0.66630525,-0.81096488,0.58254423
0.67010008,-0.79997795,0.58504571
0.67389491,-0.78916988,0.58753611
0.67768974,-0.77853707,0.59001543
0.68148457,-0.76807603,0.59248367
0.6852794,-0.75778333,0.59494084
0.68907423,-0.74765564,0.59738694
0.69286906,-0.73768972,0.59982197
0.69666389,-0.72788239,0.60224594
0.70045872,-0.71823055,0.60465886
0.70425354,-0.70873117,0.60706073
0.70804837,-0.69938132,0.60945156
0.7118432,-0.69017811,0.61183136
0.71563803,-0.68111873,0.61420013
0.71943286,-0.67220042,0.61655788
0.72322769,-0.66342052,0.61890463
0.72702252,-0.6547764,0.62124038
0.73081735,-0.64626551,0.62356514
0.73461218,-0.63788534,0.62587893
0.73840701,-0.62963345,0.62818175
0.74220183,-0.62150745,0.63047362
0.74599666,-0.61350502,0.63275454
0.74979149,-0.60562388,0.63502454
0.75358632,-0.59786179,0.63728363
0.75738115,-0.59021658,0.63953182
0.76117598,-0.58268611,0.64176912
0.76497081,-0.57526832,0.64399554
0.76876564,-0.56796116,0.64621112
0.77256047,-0.56076263,0.64841585
0.7763553,-0.5536708,0.65060976
0.78015013,-0.54668376,0.65279287
0.78394495,-0.53979964,0.65496518
0.78773978,-0.53301662,0.65712672
0.79153461,-0.52633292,0.65927751
0.79532944,-0.51974678,0.66141757
0.79912427,-0.51325651,0.6635469
0.8029191,-0.50686043,0.66566555
0.80671393,-0.50055689,0.66777351
0.81050876,-0.49434431,0.66987082
0.81430359,-0.4882211,0.67195749
0.81809842,-0.48218574,0.67403355
0.82189324,-0.47623672,0.67609901
0.82568807,-0.47037256,0.67815391
0.8294829,-0.46459183,0.68019825
0.83327773,-0.4588931,0.68223207
0.83707256,-0.453275,0.68425538
0.84086739,-0.44773617,0.68626822
0.84466222,-0.44227528,0.68827059
0.84845705,-0.43689102,0.69026254
0.85225188,-0.43158213,0.69224407
0.85604671,-0.42634735,0.69421522
0.85984153,-0.42118546,0.69617602
0.86363636,-0.41609525,0.69812648
0.86743119,-0.41107555,0.70006663
0.87122602,-0.40612521,0.70199651
0.87502085,-0.40124309,0.70391612
0.87881568,-0.39642809,0.70582551
0.88261051,-0.39167911,0.7077247
0.88640534,-0.3869951,0.70961372
0.89020017,-0.382375,0.71149258
0.893995,-0.37781778,0.71336133
0.89778982,-0.37332245,0.71521999
0.90158465,-0.36888802,0.71706859
0.90537948,-0.36451352,0.71890715
0.90917431,-0.36019799,0.72073571
0.91296914,-0.35594052,0.7225543
0.91676397,-0.35174017,0.72436294
0.9205588,-0.34759607,0.72616166
0.92435363,-0.34350731,0.7279505
0.92814846,-0.33947305,0.72972948
0.93194329,-0.33549244,0.73149863
0.93573812,-0.33156464,0.73325799
0.93953294,-0.32768883,0.73500759
0.94332777,-0.32386422,0.73674746
0.9471226,-0.32009001,0.73847762
0.95091743,-0.31636544,0.74019811
0.95471226,-0.31268975,0.74190896
0.95850709,-0.30906218,0.74361021
0.96230192,-0.30548201,0.74530188
0.96609675,-0.30194853,0.74698402
0.96989158,-0.29846102,0.74865664
0.97368641,-0.29501879,0.75031978
0.97748123,-0.29162117,0.75197348
0.98127606,-0.28826748,0.75361777
0.98507089,-0.28495706,0.75525268
0.98886572,-0.28168928,0.75687825
0.99266055,-0.27846349,0.75849451
0.99645538,-0.27527908,0.76010148
1.0002502,-0.27213544,0.76169922
1.004045,-0.26903196,0.76328774
1.0078399,-0.26596805,0.76486709
1.0116347,-0.26294313,0.7664373
1.0154295,-0.25995663,0.7679984
1.0192244,-0.25700799,0.76955042
1.0230192,-0.25409666,0.77109341
1.026814,-0.2512221,0.77262739
1.0306088,-0.24838377,0.77415241
1.0344037,-0.24558116,0.77566849
1.0381985,-0.24281374,0.77717567
1.0419933,-0.24008101,0.77867399
1.0457882,-0.23738248,0.78016348
1.049583,-0.23471765,0.78164418
1.0533778,-0.23208605,0.78311612
1.0571726,-0.2294872,0.78457933
1.0609675,-0.22692063,0.78603386
1.0647623,-0.22438589,0.78747974
1.0685571,-0.22188253,0.788917
1.072352,-0.21941011,0.79034568
1.0761468,-0.21696819,0.79176582
1.0799416,-0.21455634,0.79317745
1.0837364,-0.21217414,0.7945806
1.0875313,-0.20982118,0.79597532
1.0913261,-0.20749705,0.79736164
1.0951209,-0.20520135,0.7987396
1.0989158,-0.20293369,0.80010922
1.1027106,-0.20069367,0.80147056
1.1065054,-0.19848092,0.80282364
1.1103003,-0.19629506,0.8041685
1.1140951,-0.19413572,0.80550518
1.1178899,-0.19200253,0.80683371
1.1216847,-0.18989515,0.80815413
1.1254796,-0.18781321,0.80946647
1.1292744,-0.18575636,0.81077078
1.1330692,-0.18372428,0.81206709
1.1368641,-0.18171661,0.81335543
1.1406589,-0.17973304,0.81463584
1.1444537,-0.17777323,0.81590836
1.1482485,-0.17583687,0.81717303
1.1520434,-0.17392363,0.81842987
1.1558382,-0.17203321,0.81967893
1.159633,-0.17016531,0.82092025
1.1634279,-0.16831961,0.82215386
1.1672227,-0.16649583,0.82337979
1.1710175,-0.16469368,0.82459809
1.1748123,-0.16291285,0.82580878
1.1786072,-0.16115308,0.82701191
1.182402,-0.15941409,0.82820752
1.1861968,-0.15769559,0.82939563
1.1899917,-0.15599731,0.83057628
1.1937865,-0.15431901,0.83174952
1.1975813,-0.15266039,0.83291537
1.2013761,-0.15102123,0.83407388
1.205171,-0.14940124,0.83522507
1.2089658,-0.14780019,0.836369
1.2127606,-0.14621784,0.83750568
1.2165555,-0.14465392,0.83863516
1.2203503,-0.14310821,0.83975747
1.2241451,-0.14158047,0.84087266
1.2279399,-0.14007047,0.84198075
1.2317348,-0.13857798,0.84308178
1.2355296,-0.13710276,0.84417579
1.2393244,-0.13564461,0.84526281
1.2431193,-0.1342033,0.84634288
1.2469141,-0.13277861,0.84741604
1.2507089,-0.13137033,0.84848231
1.2545038,-0.12997825,0.84954174
1.2582986,-0.12860216,0.85059437
1.2620934,-0.12724187,0.85164021
1.2658882,-0.12589716,0.85267932
1.2696831,-0.12456785,0.85371173
1.2734779,-0.12325374,0.85473747
1.2772727,-0.12195462,0.85575658
1.2810676,-0.12067033,0.85676909
1.2848624,-0.11940066,0.85777504
1.2886572,-0.11814543,0.85877445
1.292452,-0.11690446,0.85976738
1.2962469,-0.11567758,0.86075385
1.3000417,-0.11446461,0.86173389
1.3038365,-0.11326537,0.86270755
1.3076314,-0.11207968,0.86367485
1.3114262,-0.11090739,0.86463583
1.315221,-0.10974833,0.86559053
1.3190158,-0.10860233,0.86653898
1.3228107,-0.10746922,0.8674812
1.3266055,-0.10634886,0.86841725
1.3304003,-0.10524107,0.86934714
1.3341952,-0.10414572,0.87027092
1.33799,-0.10306263,0.87118862
1.3417848,-0.10199167,0.87210027
1.3455796,-0.10093268,0.87300591
1.3493745,-0.09988551,0.87390556
1.3531693,-0.098850026,0.87479927
1.3569641,-0.097826079,0.87568707
1.360759,-0.096813528,0.87656898
1.3645538,-0.095812236,0.87744505
1.3683486,-0.094822064,0.8783153
1.3721435,-0.093842877,0.87917977
1.3759383,-0.092874541,0.88003849
1.3797331,-0.091916926,0.88089149
1.3835279,-0.090969901,0.88173881
1.3873228,-0.090033338,0.88258048
1.3911176,-0.089107111,0.88341653
1.3949124,-0.088191095,0.88424699
1.3987073,-0.087285167,0.8850719
1.4025021,-0.086389205,0.88589128
1.4062969,-0.085503091,0.88670518
1.4100917,-0.084626706,0.88751361
1.4138866,-0.083759932,0.88831662
1.4176814,-0.082902657,0.88911423
1.4214762,-0.082054765,0.88990648
1.4252711,-0.081216145,0.8906934
1.4290659,-0.080386687,0.89147501
1.4328607,-0.079566281,0.89225135
1.4366555,-0.07875482,0.89302246
1.4404504,-0.077952198,0.89378835
1.4442452,-0.07715831,0.89454907
1.44804,-0.076373053,0.89530464
1.4518349,-0.075596325,0.89605509
1.4556297,-0.074828024,0.89680046
1.4594245,-0.074068053,0.89754077
1.4632193,-0.073316312,0.89827606
1.4670142,-0.072572705,0.89900634
1.470809,-0.071837136,0.89973167
1.4746038,-0.071109511,0.90045205
1.4783987,-0.070389738,0.90116754
1.4821935,-0.069677724,0.90187814
1.4859883,-0.068973378,0.9025839
1.4897832,-0.068276611,0.90328483
1.493578,-0.067587335,0.90398098
1.4973728,-0.066905462,0.90467237
1.5011676,-0.066230907,0.90535903
1.5049625,-0.065563585,0.90604099
1.5087573,-0.06490341,0.90671827
1.5125521,-0.064250302,0.90739091
1.516347,-0.063604178,0.90805893
1.5201418,-0.062964957,0.90872236
1.5239366,-0.062332559,0.90938124
1.5277314,-0.061706907,0.91003558
1.5315263,-0.061087922,0.91068542
1.5353211,-0.060475527,0.91133078
1.5391159,-0.059869647,0.91197169
1.5429108,-0.059270207,0.91260819
1.5467056,-0.058677134,0.91324029
1.5505004,-0.058090353,0.91386802
1.5542952,-0.057509794,0.91449141
1.5580901,-0.056935386,0.9151105
1.5618849,-0.056367057,0.91572529
1.5656797,-0.05580474,0.91633583
1.5694746,-0.055248364,0.91694214
1.5732694,-0.054697864,0.91754425
1.5770642,-0.054153171,0.91814217
1.580859,-0.053614221,0.91873595
1.5846539,-0.053080948,0.91932559
1.5884487,-0.052553287,0.91991114
1.5922435,-0.052031175,0.92049261
1.5960384,-0.051514551,0.92107004
1.5998332,-0.05100335,0.92164344
1.603628,-0.050497513,0.92221285
1.6074229,-0.04999698,0.92277828
1.6112177,-0.049501689,0.92333977
1.6150125,-0.049011583,0.92389734
1.6188073,-0.048526603,0.92445101
1.6226022,-0.048046692,0.92500081
1.626397,-0.047571793,0.92554676
1.6301918,-0.04710185,0.92608889
1.6339867,-0.046636807,0.92662723
1.6377815,-0.046176609,0.92716179
1.6415763,-0.045721204,0.92769261
1.6453711,-0.045270536,0.9282197
1.649166,-0.044824554,0.92874308
1.6529608,-0.044383205,0.9292628
1.6567556,-0.043946438,0.92977886
1.6605505,-0.043514202,0.93029129
1.6643453,-0.043086446,0.93080012
1.6681401,-0.042663121,0.93130536
1.6719349,-0.042244178,0.93180705
1.6757298,-0.041829569,0.9323052
1.6795246,-0.041419245,0.93279983
1.6833194,-0.041013159,0.93329098
1.6871143,-0.040611265,0.93377866
1.6909091,-0.040213516,0.9342629
1.6947039,-0.039819867,0.93474372
1.6984987,-0.039430273,0.93522114
1.7022936,-0.039044688,0.93569518
1.7060884,-0.03866307,0.93616586
1.7098832,-0.038285374,0.93663322
1.7136781,-0.037911557,0.93709726
1.7174729,-0.037541578,0.93755801
1.7212677,-0.037175394,0.9380155
1.7250626,-0.036812963,0.93846974
1.7288574,-0.036454245,0.93892076
1.7326522,-0.036099199,0.93936858
1.736447,-0.035747785,0.93981321
1.7402419,-0.035399964,0.94025468
1.7440367,-0.035055696,0.94069302
1.7478315,-0.034714944,0.94112824
1.7516264,-0.034377668,0.94156035
1.7554212,-0.034043831,0.9419894
1.759216,-0.033713395,0.94241538
1.7630108,-0.033386325,0.94283833
1.7668057,-0.033062583,0.94325826
1.7706005,-0.032742133,0.9436752
1.7743953,-0.03242494,0.94408916
1.7781902,-0.03211097,0.94450017
1.781985,-0.031800186,0.94490824
1.7857798,-0.031492554,0.9453134
1.7895746,-0.031188042,0.94571566
1.7933695,-0.030886615,0.94611504
1.7971643,-0.030588239,0.94651156
1.8009591,-0.030292883,0.94690525
1.804754,-0.030000514,0.94729612
1.8085488,-0.0297111,0.94768418
1.8123436,-0.029424608,0.94806947
1.8161384,-0.029141009,0.94845199
1.8199333,-0.02886027,0.94883177
1.8237281,-0.028582362,0.94920882
1.8275229,-0.028307254,0.94958317
1.8313178,-0.028034917,0.94995483
1.8351126,-0.02776532,0.95032382
1.8389074,-0.027498434,0.95069016
1.8427023,-0.027234231,0.95105386
1.8464971,-0.026972683,0.95141495
1.8502919,-0.02671376,0.95177344
1.8540867,-0.026457435,0.95212935
1.8578816,-0.026203681,0.9524827
1.8616764,-0.02595247,0.9528335
1.8654712,-0.025703776,0.95318178
1.8692661,-0.025457571,0.95352754
1.8730609,-0.025213829,0.95387081
1.8768557,-0.024972524,0.9542116
1.8806505,-0.024733631,0.95454994
1.8844454,-0.024497124,0.95488583
1.8882402,-0.024262978,0.9552193
1.892035,-0.024031168,0.95555036
1.8958299,-0.02380167,0.95587903
1.8996247,-0.023574458,0.95620532
1.9034195,-0.02334951,0.95652925
1.9072143,-0.023126801,0.95685084
1.9110092,-0.022906307,0.9571701
1.914804,-0.022688007,0.95748705
1.9185988,-0.022471875,0.9578017
1.9223937,-0.022257891,0.95811408
1.9261885,-0.02204603,0.95842419
1.9299833,-0.021836272,0.95873206
1.9337781,-0.021628594,0.95903769
1.937573,-0.021422975,0.95934111
1.9413678,-0.021219392,0.95964232
1.9451626,-0.021017825,0.95994135
1.9489575,-0.020818252,0.96023821
1.9527523,-0.020620653,0.96053292
1.9565471,-0.020425008,0.96082548
1.960342,-0.020231296,0.96111592
1.9641368,-0.020039496,0.96140424
1.9679316,-0.01984959,0.96169047
1.9717264,-0.019661557,0.96197462
1.9755213,-0.019475377,0.9622567
1.9793161,-0.019291033,0.96253673
1.9831109,-0.019108504,0.96281472
1.9869058,-0.018927772,0.96309069
1.9907006,-0.018748819,0.96336464
1.9944954,-0.018571625,0.96363661
1.9982902,-0.018396173,0.96390658
2.0020851,-0.018222445,0.9641746
2.0058799,-0.018050422,0.96444065
2.0096747,-0.017880088,0.96470477
2.0134696,-0.017711425,0.96496696
2.0172644,-0.017544416,0.96522724
2.0210592,-0.017379044,0.96548561
2.024854,-0.017215291,0.96574211
2.0286489,-0.017053142,0.96599672
2.0324437,-0.016892579,0.96624948
2.0362385,-0.016733587,0.96650039
2.0400334,-0.016576149,0.96674947
2.0438282,-0.01642025,0.96699673
2.047623,-0.016265873,0.96724217
2.0514178,-0.016113004,0.96748583
2.0552127,-0.015961626,0.9677277
2.0590075,-0.015811724,0.9679678
2.0628023,-0.015663284,0.96820614
2.0665972,-0.01551629,0.96844274
2.070392,-0.015370728,0.9686776
2.0741868,-0.015226582,0.96891075
2.0779817,-0.01508384,0.96914219
2.0817765,-0.014942485,0.96937193
2.0855713,-0.014802505,0.96959998
2.0893661,-0.014663885,0.96982637
2.093161,-0.014526611,0.97005109
2.0969558,-0.01439067,0.97027417
2.1007506,-0.014256048,0.97049561
2.1045455,-0.014122731,0.97071542
2.1083403,-0.013990707,0.97093362
2.1121351,-0.013859963,0.97115022
2.1159299,-0.013730484,0.97136523
2.1197248,-0.01360226,0.97157866
2.1235196,-0.013475276,0.97179052
2.1273144,-0.01334952,0.97200082
2.1311093,-0.013224981,0.97220958
2.1349041,-0.013101645,0.97241681
2.1386989,-0.0129795,0.9726225
2.1424937,-0.012858535,0.97282669
2.1462886,-0.012738737,0.97302938
2.1500834,-0.012620095,0.97323057
2.1538782,-0.012502597,0.97343028
2.1576731,-0.012386232,0.97362853
2.1614679,-0.012270987,0.97382531
2.1652627,-0.012156853,0.97402064
2.1690575,-0.012043818,0.97421454
2.1728524,-0.01193187,0.97440701
2.1766472,-0.011820999,0.97459806
2.180442,-0.011711194,0.9747877
2.1842369,-0.011602444,0.97497594
2.1880317,-0.011494739,0.9751628
2.1918265,-0.011388068,0.97534827
2.1956214,-0.011282421,0.97553238
2.1994162,-0.011177787,0.97571513
2.203211,-0.011074157,0.97589654
2.2070058,-0.01097152,0.9760766
2.2108007,-0.010869867,0.97625534
2.2145955,-0.010769188,0.97643275
2.2183903,-0.010669473,0.97660886
2.2221852,-0.010570712,0.97678367
2.22598,-0.010472895,0.97695718
2.2297748,-0.010376014,0.97712941
2.2335696,-0.01028006,0.97730037
2.2373645,-0.010185022,0.97747007
2.2411593,-0.010090892,0.97763851
2.2449541,-0.0099976603,0.97780571
2.248749,-0.0099053186,0.97797167
2.2525438,-0.0098138579,0.97813641
2.2563386,-0.0097232694,0.97829992
2.2601334,-0.0096335444,0.97846223
2.2639283,-0.0095446744,0.97862333
2.2677231,-0.0094566509,0.97878324
2.2715179,-0.0093694654,0.97894197
2.2753128,-0.0092831098,0.97909953
2.2791076,-0.0091975757,0.97925592
2.2829024,-0.0091128551,0.97941115
2.2866972,-0.0090289399,0.97956523
2.2904921,-0.0089458221,0.97971817
2.2942869,-0.0088634939,0.97986997
2.2980817,-0.0087819474,0.98002065
2.3018766,-0.008701175,0.98017022
2.3056714,-0.008621169,0.98031867
2.3094662,-0.0085419218,0.98046603
2.3132611,-0.008463426,0.98061229
2.3170559,-0.0083856742,0.98075747
2.3208507,-0.008308659,0.98090157
2.3246455,-0.0082323732,0.98104461
2.3284404,-0.0081568096,0.98118658
2.3322352,-0.0080819611,0.9813275
2.33603,-0.0080078207,0.98146737
2.3398249,-0.0079343814,0.98160621
2.3436197,-0.0078616364,0.98174401
2.3474145,-0.0077895788,0.98188079
2.3512093,-0.0077182018,0.98201656
2.3550042,-0.0076474989,0.98215132
2.358799,-0.0075774633,0.98228507
2.3625938,-0.0075080887,0.98241784
2.3663887,-0.0074393684,0.98254962
2.3701835,-0.0073712961,0.98268041
2.3739783,-0.0073038654,0.98281024
2.3777731,-0.0072370702,0.9829391
2.381568,-0.007170904,0.98306701
2.3853628,-0.0071053609,0.98319396
2.3891576,-0.0070404348,0.98331997
2.3929525,-0.0069761195,0.98344504
2.3967473,-0.0069124092,0.98356918
2.4005421,-0.0068492979,0.9836924
2.4043369,-0.0067867799,0.98381471
2.4081318,-0.0067248493,0.9839361
2.4119266,-0.0066635003,0.98405659
2.4157214,-0.0066027275,0.98417618
2.4195163,-0.0065425251,0.98429489
2.4233111,-0.0064828875,0.98441271
2.4271059,-0.0064238094,0.98452965
2.4309008,-0.0063652852,0.98464572
2.4346956,-0.0063073096,0.98476093
2.4384904,-0.0062498773,0.98487528
2.4422852,-0.006192983,0.98498878
2.4460801,-0.0061366214,0.98510143
2.4498749,-0.0060807874,0.98521325
2.4536697,-0.006025476,0.98532423
2.4574646,-0.0059706819,0.98543438
2.4612594,-0.0059164003,0.98554371
2.4650542,-0.0058626261,0.98565223
2.468849,-0.0058093544,0.98575994
2.4726439,-0.0057565805,0.98586685
2.4764387,-0.0057042994,0.98597296
2.4802335,-0.0056525064,0.98607828
2.4840284,-0.0056011968,0.98618281
2.4878232,-0.005550366,0.98628657
2.491618,-0.0055000093,0.98638955
2.4954128,-0.005450122,0.98649176
2.4992077,-0.0054006998,0.98659321
2.5030025,-0.0053517382,0.98669391
2.5067973,-0.0053032326,0.98679385
2.5105922,-0.0052551786,0.98689304
2.514387,-0.0052075721,0.9869915
2.5181818,-0.0051604086,0.98708922
2.5219766,-0.0051136838,0.98718621
2.5257715,-0.0050673936,0.98728248
2.5295663,-0.0050215338,0.98737803
2.5333611,-0.0049761002,0.98747287
2.537156,-0.0049310888,0.987567
2.5409508,-0.0048864955,0.98766042
2.5447456,-0.0048423163,0.98775315
2.5485405,-0.0047985472,0.98784518
2.5523353,-0.0047551842,0.98793653
2.5561301,-0.0047122236,0.98802719
2.5599249,-0.0046696614,0.98811718
2.5637198,-0.0046274938,0.9882065
2.5675146,-0.004585717,0.98829515
2.5713094,-0.0045443273,0.98838313
2.5751043,-0.0045033211,0.98847046
2.5788991,-0.0044626945,0.98855713
2.5826939,-0.0044224441,0.98864316
2.5864887,-0.0043825661,0.98872855
2.5902836,-0.0043430571,0.98881329
2.5940784,-0.0043039136,0.9888974
2.5978732,-0.0042651319,0.98898089
2.6016681,-0.0042267088,0.98906375
2.6054629,-0.0041886407,0.98914599
2.6092577,-0.0041509243,0.98922761
2.6130525,-0.0041135562,0.98930862
2.6168474,-0.0040765331,0.98938903
2.6206422,-0.0040398517,0.98946884
2.624437,-0.0040035088,0.98954805
2.6282319,-0.0039675012,0.98962666
2.6320267,-0.0039318256,0.98970469
2.6358215,-0.0038964789,0.98978214
2.6396163,-0.003861458,0.989859
2.6434112,-0.0038267598,0.98993529
2.647206,-0.0037923812,0.99001101
2.6510008,-0.0037583191,0.99008616
2.6547957,-0.0037245707,0.99016075
2.6585905,-0.0036911328,0.99023478
2.6623853,-0.0036580026,0.99030826
2.6661802,-0.0036251771,0.99038118
2.669975,-0.0035926535,0.99045356
2.6737698,-0.0035604289,0.9905254
2.6775646,-0.0035285004,0.9905967
2.6813595,-0.0034968652,0.99066747
2.6851543,-0.0034655207,0.9907377
2.6889491,-0.003434464,0.99080741
2.692744,-0.0034036923,0.9908766
2.6965388,-0.0033732031,0.99094527
2.7003336,-0.0033429936,0.99101342
2.7041284,-0.0033130612,0.99108107
2.7079233,-0.0032834033,0.99114821
2.7117181,-0.0032540173,0.99121484
2.7155129,-0.0032249006,0.99128097
2.7193078,-0.0031960507,0.99134661
2.7231026,-0.0031674651,0.99141176
2.7268974,-0.0031391412,0.99147642
2.7306922,-0.0031110766,0.99154059
2.7344871,-0.0030832689,0.99160428
2.7382819,-0.0030557156,0.9916675
2.7420767,-0.0030284144,0.99173024
2.7458716,-0.0030013628,0.99179251
2.7496664,-0.0029745586,0.99185431
2.7534612,-0.0029479994,0.99191565
2.757256,-0.0029216829,0.99197653
2.7610509,-0.0028956068,0.99203696
2.7648457,-0.0028697688,0.99209693
2.7686405,-0.0028441667,0.99215645
2.7724354,-0.0028187984,0.99221552
2.7762302,-0.0027936616,0.99227415
2.780025,-0.0027687541,0.99233234
2.7838198,-0.0027440738,0.9923901
2.7876147,-0.0027196185,0.99244742
2.7914095,-0.0026953862,0.99250431
2.7952043,-0.0026713747,0.99256077
2.7989992,-0.0026475821,0.99261681
2.802794,-0.0026240061,0.99267243
2.8065888,-0.0026006449,0.99272763
2.8103837,-0.0025774963,0.99278242
2.8141785,-0.0025545585,0.9928368
2.8179733,-0.0025318294,0.99289076
2.8217681,-0.0025093071,0.99294433
2.825563,-0.0024869897,0.99299749
2.8293578,-0.0024648751,0.99305025
2.8331526,-0.0024429617,0.99310261
2.8369475,-0.0024212474,0.99315459
2.8407423,-0.0023997303,0.99320617
2.8445371,-0.0023784088,0.99325736
2.8483319,-0.0023572809,0.99330817
2.8521268,-0.0023363448,0.9933586
2.8559216,-0.0023155988,0.99340865
2.8597164,-0.002295041,0.99345832
2.8635113,-0.0022746698,0.99350762
2.8673061,-0.0022544833,0.99355655
2.8711009,-0.0022344799,0.99360512
2.8748957,-0.0022146579,0.99365332
2.8786906,-0.0021950155,0.99370115
2.8824854,-0.0021755511,0.99374863
2.8862802,-0.0021562631,0.99379575
2.8900751,-0.0021371497,0.99384251
2.8938699,-0.0021182095,0.99388893
2.8976647,-0.0020994407,0.99393499
2.9014595,-0.0020808417,0.99398071
2.9052544,-0.0020624111,0.99402609
2.9090492,-0.0020441472,0.99407112
2.912844,-0.0020260485,0.99411582
2.9166389,-0.0020081135,0.99416018
2.9204337,-0.0019903406,0.9942042
2.9242285,-0.0019727283,0.9942479
2.9280234,-0.0019552751,0.99429127
2.9318182,-0.0019379797,0.99433431
2.935613,-0.0019208404,0.99437702
2.9394078,-0.0019038559,0.99441942
2.9432027,-0.0018870247,0.9944615
2.9469975,-0.0018703454,0.99450326
2.9507923,-0.0018538167,0.99454471
2.9545872,-0.001837437,0.99458584
2.958382,-0.0018212051,0.99462667
2.9621768,-0.0018051195,0.99466719
2.9659716,-0.001789179,0.9947074
2.9697665,-0.0017733821,0.99474731
2.9735613,-0.0017577275,0.99478692
2.9773561,-0.001742214,0.99482624
2.981151,-0.0017268403,0.99486526
2.9849458,-0.0017116049,0.99490398
2.9887406,-0.0016965067,0.99494241
2.9925354,-0.0016815444,0.99498056
2.9963303,-0.0016667168,0.99501842
3.0001251,-0.0016520225,0.99505599
3.0039199,-0.0016374604,0.99509328
3.0077148,-0.0016230293,0.99513029
3.0115096,-0.0016087279,0.99516702
3.0153044,-0.0015945551,0.99520347
3.0190992,-0.0015805096,0.99523965
3.0228941,-0.0015665903,0.99527556
3.0266889,-0.0015527961,0.9953112
3.0304837,-0.0015391257,0.99534657
3.0342786,-0.0015255781,0.99538167
3.0380734,-0.0015121521,0.99541651
3.0418682,-0.0014988466,0.99545108
3.0456631,-0.0014856605,0.9954854
3.0494579,-0.0014725926,0.99551946
3.0532527,-0.001459642,0.99555326
3.0570475,-0.0014468075,0.99558681
3.0608424,-0.0014340881,0.9956201
3.0646372,-0.0014214827,0.99565315
3.068432,-0.0014089902,0.99568594
3.0722269,-0.0013966097,0.99571849
3.0760217,-0.00138434,0.99575079
3.0798165,-0.0013721803,0.99578285
3.0836113,-0.0013601294,0.99581467
3.0874062,-0.0013481864,0.99584625
3.091201,-0.0013363502,0.99587759
3.0949958,-0.00132462,0.9959087
3.0987907,-0.0013129947,0.99593957
3.1025855,-0.0013014735,0.99597021
3.1063803,-0.0012900552,0.99600062
3.1101751,-0.001278739,0.9960308
3.11397,-0.001267524,0.99606075
3.1177648,-0.0012564092,0.99609047
3.1215596,-0.0012453937,0.99611998
3.1253545,-0.0012344766,0.99614926
3.1291493,-0.001223657,0.99617832
3.1329441,-0.001212934,0.99620716
3.1367389,-0.0012023068,0.99623578
3.1405338,-0.0011917744,0.99626419
3.1443286,-0.001181336,0.99629238
3.1481234,-0.0011709907,0.99632036
3.1519183,-0.0011607378,0.99634813
3.1557131,-0.0011505762,0.9963757
3.1595079,-0.0011405053,0.99640305
3.1633028,-0.0011305241,0.9964302
3.1670976,-0.001120632,0.99645714
3.1708924,-0.0011108279,0.99648388
3.1746872,-0.0011011112,0.99651042
3.1784821,-0.0010914811,0.99653676
3.1822769,-0.0010819367,0.9965629
3.1860717,-0.0010724774,0.99658884
3.1898666,-0.0010631022,0.99661459
3.1936614,-0.0010538105,0.99664014
3.1974562,-0.0010446014,0.9966655
3.201251,-0.0010354743,0.99669067
3.2050459,-0.0010264284,0.99671566
3.2088407,-0.001017463,0.99674045
3.2126355,-0.0010085772,0.99676505
3.2164304,-0.00099977047,0.99678947
3.2202252,-0.00099104201,0.99681371
3.22402,-0.00098239111,0.99683776
3.2278148,-0.00097381708,0.99686163
3.2316097,-0.00096531921,0.99688533
3.2354045,-0.00095689682,0.99690884
3.2391993,-0.00094854922,0.99693218
3.2429942,-0.00094027573,0.99695534
3.246789,-0.00093207568,0.99697832
3.2505838,-0.00092394841,0.99700113
3.2543786,-0.00091589325,0.99702377
3.2581735,-0.00090790955,0.99704624
3.2619683,-0.00089999666,0.99706854
3.2657631,-0.00089215395,0.99709068
3.269558,-0.00088438077,0.99711264
3.2733528,-0.0008766765,0.99713444
3.2771476,-0.00086904052,0.99715608
3.2809425,-0.0008614722,0.99717755
3.2847373,-0.00085397093,0.99719886
3.2885321,-0.00084653612,0.99722001
3.2923269,-0.00083916714,0.997241
3.2961218,-0.00083186342,0.99726183
3.2999166,-0.00082462436,0.99728251
3.3037114,-0.00081744938,0.99730303
3.3075063,-0.0008103379,0.99732339
3.3113011,-0.00080328934,0.9973436
3.3150959,-0.00079630314,0.99736366
3.3188907,-0.00078937873,0.99738357
3.3226856,-0.00078251555,0.99740332
3.3264804,-0.00077571306,0.99742293
3.3302752,-0.00076897071,0.99744239
3.3340701,-0.00076228794,0.99746171
3.3378649,-0.00075566424,0.99748087
3.3416597,-0.00074909905,0.9974999
3.3454545,-0.00074259187,0.99751878
3.3492494,-0.00073614215,0.99753751
3.3530442,-0.00072974939,0.99755611
3.356839,-0.00072341308,0.99757456
3.3606339,-0.0007171327,0.99759288
3.3644287,-0.00071090774,0.99761106
3.3682235,-0.00070473772,0.9976291
3.3720183,-0.00069862214,0.99764701
3.3758132,-0.0006925605,0.99766478
3.379608,-0.00068655233,0.99768241
3.3834028,-0.00068059713,0.99769991
3.3871977,-0.00067469444,0.99771729
3.3909925,-0.00066884379,0.99773453
3.3947873,-0.00066304469,0.99775164
3.3985822,-0.0006572967,0.99776862
3.402377,-0.00065159936,0.99778547
3.4061718,-0.00064595219,0.99780219
3.4099666,-0.00064035477,0.99781879
3.4137615,-0.00063480664,0.99783527
3.4175563,-0.00062930735,0.99785162
3.4213511,-0.00062385647,0.99786784
3.425146,-0.00061845357,0.99788395
3.4289408,-0.00061309821,0.99789993
3.4327356,-0.00060778997,0.99791579
3.4365304,-0.00060252842,0.99793153
3.4403253,-0.00059731316,0.99794716
3.4441201,-0.00059214375,0.99796266
3.4479149,-0.0005870198,0.99797805
3.4517098,-0.00058194088,0.99799333
3.4555046,-0.00057690661,0.99800848
3.4592994,-0.00057191658,0.99802353
3.4630942,-0.0005669704,0.99803845
3.4668891,-0.00056206766,0.99805327
3.4706839,-0.00055720799,0.99806798
3.4744787,-0.00055239099,0.99808257
3.4782736,-0.0005476163,0.99809705
3.4820684,-0.00054288351,0.99811143
3.4858632,-0.00053819227,0.99812569
3.489658,-0.00053354221,0.99813985
3.4934529,-0.00052893294,0.9981539
3.4972477,-0.00052436411,0.99816785
3.5010425,-0.00051983536,0.99818169
3.5048374,-0.00051534633,0.99819543
3.5086322,-0.00051089666,0.99820906
3.512427,-0.00050648601,0.99822259
3.5162219,-0.00050211402,0.99823601
3.5200167,-0.00049778034,0.99824934
3.5238115,-0.00049348465,0.99826256
3.5276063,-0.00048922659,0.99827569
3.5314012,-0.00048500584,0.99828872
3.535196,-0.00048082205,0.99830164
3.5389908,-0.0004766749,0.99831447
3.5427857,-0.00047256407,0.99832721
3.5465805,-0.00046848923,0.99833984
3.5503753,-0.00046445005,0.99835239
3.5541701,-0.00046044623,0.99836483
3.557965,-0.00045647744,0.99837719
3.5617598,-0.00045254337,0.99838945
3.5655546,-0.00044864372,0.99840162
3.5693495,-0.00044477818,0.99841369
3.5731443,-0.00044094644,0.99842568
3.5769391,-0.0004371482,0.99843757
3.5807339,-0.00043338317,0.99844937
3.5845288,-0.00042965105,0.99846109
3.5883236,-0.00042595155,0.99847272
3.5921184,-0.00042228437,0.99848425
3.5959133,-0.00041864923,0.99849571
3.5997081,-0.00041504585,0.99850707
3.6035029,-0.00041147394,0.99851835
3.6072977,-0.00040793322,0.99852955
3.6110926,-0.00040442341,0.99854066
3.6148874,-0.00040094425,0.99855168
3.6186822,-0.00039749546,0.99856262
3.6224771,-0.00039407676,0.99857348
3.6262719,-0.0003906879,0.99858426
3.6300667,-0.0003873286,0.99859496
3.6338616,-0.00038399861,0.99860558
3.6376564,-0.00038069766,0.99861611
3.6414512,-0.0003774255,0.99862657
3.645246,-0.00037418187,0.99863694
3.6490409,-0.00037096651,0.99864724
3.6528357,-0.00036777919,0.99865747
3.6566305,-0.00036461964,0.99866761
3.6604254,-0.00036148763,0.99867768
3.6642202,-0.0003583829,0.99868767
3.668015,-0.00035530522,0.99869758
3.6718098,-0.00035225435,0.99870743
3.6756047,-0.00034923005,0.99871719
3.6793995,-0.00034623208,0.99872688
3.6831943,-0.00034326022,0.9987365
3.6869892,-0.00034031422,0.99874605
3.690784,-0.00033739387,0.99875553
3.6945788,-0.00033449893,0.99876493
3.6983736,-0.00033162918,0.99877426
3.7021685,-0.00032878439,0.99878353
3.7059633,-0.00032596435,0.99879272
3.7097581,-0.00032316884,0.99880184
3.713553,-0.00032039764,0.99881089
3.7173478,-0.00031765053,0.99881988
3.7211426,-0.00031492731,0.9988288
3.7249374,-0.00031222775,0.99883765
3.7287323,-0.00030955166,0.99884643
3.7325271,-0.00030689882,0.99885515
3.7363219,-0.00030426903,0.9988638
3.7401168,-0.00030166209,0.99887238
3.7439116,-0.00029907779,0.99888091
3.7477064,-0.00029651594,0.99888936
3.7515013,-0.00029397633,0.99889776
3.7552961,-0.00029145877,0.99890608
3.7590909,-0.00028896306,0.99891435
3.7628857,-0.00028648902,0.99892256
3.7666806,-0.00028403645,0.9989307
3.7704754,-0.00028160516,0.99893878
3.7742702,-0.00027919496,0.9989468
3.7780651,-0.00027680568,0.99895476
3.7818599,-0.00027443711,0.99896266
3.7856547,-0.00027208909,0.99897049
3.7894495,-0.00026976143,0.99897827
3.7932444,-0.00026745395,0.998986
3.7970392,-0.00026516647,0.99899366
3.800834,-0.00026289882,0.99900126
3.8046289,-0.00026065082,0.99900881
3.8084237,-0.0002584223,0.9990163
3.8122185,-0.00025621309,0.99902374
3.8160133,-0.00025402302,0.99903111
3.8198082,-0.00025185191,0.99903844
3.823603,-0.00024969961,0.9990457
3.8273978,-0.00024756595,0.99905292
3.8311927,-0.00024545076,0.99906007
3.8349875,-0.00024335387,0.99906718
3.8387823,-0.00024127514,0.99907423
3.8425771,-0.0002392144,0.99908122
3.846372,-0.0002371715,0.99908817
3.8501668,-0.00023514626,0.99909506
3.8539616,-0.00023313855,0.9991019
3.8577565,-0.00023114821,0.99910868
3.8615513,-0.00022917507,0.99911542
3.8653461,-0.000227219,0.99912211
3.869141,-0.00022527985,0.99912874
3.8729358,-0.00022335745,0.99913532
3.8767306,-0.00022145168,0.99914186
3.8805254,-0.00021956237,0.99914835
3.8843203,-0.0002176894,0.99915478
3.8881151,-0.0002158326,0.99916117
3.8919099,-0.00021399185,0.99916751
3.8957048,-0.000212167,0.9991738
3.8994996,-0.00021035791,0.99918005
3.9032944,-0.00020856444,0.99918624
3.9070892,-0.00020678646,0.99919239
3.9108841,-0.00020502383,0.9991985
3.9146789,-0.00020327641,0.99920455
3.9184737,-0.00020154408,0.99921057
3.9222686,-0.0001998267,0.99921653
3.9260634,-0.00019812413,0.99922245
3.9298582,-0.00019643626,0.99922833
3.933653,-0.00019476295,0.99923416
3.9374479,-0.00019310407,0.99923995
3.9412427,-0.0001914595,0.9992457
3.9450375,-0.00018982911,0.9992514
3.9488324,-0.00018821278,0.99925706
3.9526272,-0.00018661038,0.99926267
3.956422,-0.0001850218,0.99926824
3.9602168,-0.00018344691,0.99927377
3.9640117,-0.00018188559,0.99927926
3.9678065,-0.00018033773,0.99928471
3.9716013,-0.0001788032,0.99929012
3.9753962,-0.00017728189,0.99929548
3.979191,-0.00017577368,0.99930081
3.9829858,-0.00017427846,0.99930609
3.9867807,-0.00017279612,0.99931134
3.9905755,-0.00017132655,0.99931654
3.9943703,-0.00016986962,0.99932171
3.9981651,-0.00016842524,0.99932683
4.00196,-0.00016699329,0.99933192
4.0057548,-0.00016557366,0.99933697
4.0095496,-0.00016416624,0.99934198
4.0133445,-0.00016277094,0.99934696
4.0171393,-0.00016138764,0.99935189
4.0209341,-0.00016001624,0.99935679
4.0247289,-0.00015865663,0.99936165
4.0285238,-0.00015730872,0.99936648
4.0323186,-0.00015597239,0.99937127
4.0361134,-0.00015464756,0.99937602
4.0399083,-0.00015333411,0.99938074
4.0437031,-0.00015203195,0.99938542
4.0474979,-0.00015074099,0.99939006
4.0512927,-0.00014946111,0.99939467
4.0550876,-0.00014819224,0.99939925
4.0588824,-0.00014693426,0.99940379
4.0626772,-0.00014568709,0.9994083
4.0664721,-0.00014445064,0.99941277
4.0702669,-0.0001432248,0.99941721
4.0740617,-0.00014200949,0.99942161
4.0778565,-0.00014080461,0.99942598
4.0816514,-0.00013961007,0.99943032
4.0854462,-0.00013842579,0.99943463
4.089241,-0.00013725168,0.9994389
4.0930359,-0.00013608764,0.99944314
4.0968307,-0.00013493359,0.99944735
4.1006255,-0.00013378944,0.99945153
4.1044204,-0.0001326551,0.99945568
4.1082152,-0.0001315305,0.99945979
4.11201,-0.00013041554,0.99946387
4.1158048,-0.00012931014,0.99946793
4.1195997,-0.00012821422,0.99947195
4.1233945,-0.00012712769,0.99947594
4.1271893,-0.00012605048,0.9994799
4.1309842,-0.00012498251,0.99948383
4.134779,-0.00012392368,0.99948773
4.1385738,-0.00012287393,0.99949161
4.1423686,-0.00012183318,0.99949545
4.1461635,-0.00012080134,0.99949926
4.1499583,-0.00011977834,0.99950305
4.1537531,-0.0001187641,0.9995068
4.157548,-0.00011775855,0.99951053
4.1613428,-0.00011676162,0.99951423
4.1651376,-0.00011577321,0.9995179
4.1689324,-0.00011479327,0.99952155
4.1727273,-0.00011382172,0.99952517
4.1765221,-0.00011285848,0.99952876
4.1803169,-0.00011190349,0.99953232
4.1841118,-0.00011095667,0.99953585
4.1879066,-0.00011001796,0.99953936
4.1917014,-0.00010908727,0.99954284
4.1954962,-0.00010816455,0.9995463
4.1992911,-0.00010724971,0.99954973
4.2030859,-0.00010634271,0.99955313
4.2068807,-0.00010544345,0.99955651
4.2106756,-0.00010455189,0.99955986
4.2144704,-0.00010366795,0.99956319
4.2182652,-0.00010279157,0.99956649
4.2220601,-0.00010192268,0.99956977
4.2258549,-0.00010106121,0.99957302
4.2296497,-0.00010020711,0.99957625
4.2334445,-9.9360307e-05,0.99957945
4.2372394,-9.8520737e-05,0.99958263
4.2410342,-9.768834e-05,0.99958579
4.244829,-9.6863054e-05,0.99958892
4.2486239,-9.6044816e-05,0.99959202
4.2524187,-9.5233566e-05,0.99959511
4.2562135,-9.4429244e-05,0.99959817
4.2600083,-9.3631789e-05,0.99960121
4.2638032,-9.2841143e-05,0.99960422
4.267598,-9.2057245e-05,0.99960721
4.2713928,-9.1280039e-05,0.99961018
4.2751877,-9.0509466e-05,0.99961313
4.2789825,-8.9745468e-05,0.99961605
4.2827773,-8.898799e-05,0.99961896
4.2865721,-8.8236974e-05,0.99962184
4.290367,-8.7492365e-05,0.9996247
4.2941618,-8.6754108e-05,0.99962753
4.2979566,-8.6022147e-05,0.99963035
4.3017515,-8.5296428e-05,0.99963314
4.3055463,-8.4576897e-05,0.99963592
4.3093411,-8.3863501e-05,0.99963867
4.3131359,-8.3156188e-05,0.9996414
4.3169308,-8.2454903e-05,0.99964411
4.3207256,-8.1759596e-05,0.9996468
4.3245204,-8.1070215e-05,0.99964947
4.3283153,-8.0386708e-05,0.99965212
4.3321101,-7.9709025e-05,0.99965475
4.3359049,-7.9037116e-05,0.99965736
4.3396997,-7.8370931e-05,0.99965995
4.3434946,-7.7710421e-05,0.99966252
4.3472894,-7.7055536e-05,0.99966507
4.3510842,-7.6406228e-05,0.99966761
4.3548791,-7.5762449e-05,0.99967012
4.3586739,-7.5124152e-05,0.99967261
4.3624687,-7.4491288e-05,0.99967509
4.3662636,-7.3863812e-05,0.99967754
4.3700584,-7.3241677e-05,0.99967998
4.3738532,-7.2624836e-05,0.9996824
4.377648,-7.2013245e-05,0.9996848
4.3814429,-7.1406858e-05,0.99968718
4.3852377,-7.080563e-05,0.99968955
4.3890325,-7.0209517e-05,0.9996919
4.3928274,-6.9618474e-05,0.99969422
4.3966222,-6.9032459e-05,0.99969654
4.400417,-6.8451427e-05,0.99969883
4.4042118,-6.7875337e-05,0.99970111
4.4080067,-6.7304144e-05,0.99970337
4.4118015,-6.6737808e-05,0.99970561
4.4155963,-6.6176287e-05,0.99970783
4.4193912,-6.5619538e-05,0.99971004
4.423186,-6.5067521e-05,0.99971224
4.4269808,-6.4520196e-05,0.99971441
4.4307756,-6.3977521e-05,0.99971657
4.4345705,-6.3439458e-05,0.99971871
4.4383653,-6.2905966e-05,0.99972084
4.4421601,-6.2377005e-05,0.99972295
4.445955,-6.1852538e-05,0.99972504
4.4497498,-6.1332525e-05,0.99972712
4.4535446,-6.0816929e-05,0.99972919
4.4573394,-6.030571e-05,0.99973123
4.4611343,-5.9798832e-05,0.99973326
4.4649291,-5.9296257e-05,0.99973528
4.4687239,-5.8797949e-05,0.99973728
4.4725188,-5.8303871e-05,0.99973927
4.4763136,-5.7813985e-05,0.99974124
4.4801084,-5.7328257e-05,0.9997432
4.4839033,-5.6846651e-05,0.99974514
4.4876981,-5.6369131e-05,0.99974706
4.4914929,-5.5895662e-05,0.99974898
4.4952877,-5.542621e-05,0.99975087
4.4990826,-5.496074e-05,0.99975276
4.5028774,-5.4499217e-05,0.99975463
4.5066722,-5.4041608e-05,0.99975648
4.5104671,-5.358788e-05,0.99975832
4.5142619,-5.3137999e-05,0.99976015
4.5180567,-5.2691932e-05,0.99976196
4.5218515,-5.2249646e-05,0.99976376
4.5256464,-5.1811109e-05,0.99976555
4.5294412,-5.1376289e-05,0.99976732
4.533236,-5.0945154e-05,0.99976908
4.5370309,-5.0517672e-05,0.99977083
4.5408257,-5.0093813e-05,0.99977256
4.5446205,-4.9673544e-05,0.99977428
4.5484153,-4.9256836e-05,0.99977598
4.5522102,-4.8843657e-05,0.99977768
4.556005,-4.8433978e-05,0.99977936
4.5597998,-4.8027768e-05,0.99978103
4.5635947,-4.7624998e-05,0.99978268
4.5673895,-4.7225639e-05,0.99978433
4.5711843,-4.6829661e-05,0.99978596
4.5749791,-4.6437035e-05,0.99978757
4.578774,-4.6047732e-05,0.99978918
4.5825688,-4.5661725e-05,0.99979077
4.5863636,-4.5278984e-05,0.99979236
4.5901585,-4.4899482e-05,0.99979393
4.5939533,-4.4523192e-05,0.99979548
4.5977481,-4.4150085e-05,0.99979703
4.601543,-4.3780135e-05,0.99979856
4.6053378,-4.3413314e-05,0.99980009
4.6091326,-4.3049596e-05,0.9998016
4.6129274,-4.2688954e-05,0.9998031
4.6167223,-4.2331361e-05,0.99980459
4.6205171,-4.1976793e-05,0.99980606
4.6243119,-4.1625223e-05,0.99980753
4.6281068,-4.1276625e-05,0.99980899
4.6319016,-4.0930974e-05,0.99981043
4.6356964,-4.0588244e-05,0.99981186
4.6394912,-4.0248412e-05,0.99981329
4.6432861,-3.9911451e-05,0.9998147
4.6470809,-3.9577338e-05,0.9998161
4.6508757,-3.9246048e-05,0.99981749
4.6546706,-3.8917557e-05,0.99981887
4.6584654,-3.8591841e-05,0.99982024
4.6622602,-3.8268877e-05,0.9998216
4.666055,-3.794864e-05,0.99982295
4.6698499,-3.7631109e-05,0.99982428
4.6736447,-3.7316258e-05,0.99982561
4.6774395,-3.7004067e-05,0.99982693
4.6812344,-3.6694511e-05,0.99982824
4.6850292,-3.6387569e-05,0.99982954
4.688824,-3.6083218e-05,0.99983083
4.6926188,-3.5781437e-05,0.99983211
4.6964137,-3.5482202e-05,0.99983337
4.7002085,-3.5185493e-05,0.99983463
4.7040033,-3.4891287e-05,0.99983588
4.7077982,-3.4599564e-05,0.99983713
4.711593,-3.4310303e-05,0.99983836
4.7153878,-3.4023482e-05,0.99983958
4.7191827,-3.373908e-05,0.99984079
4.7229775,-3.3457078e-05,0.999842
4.7267723,-3.3177454e-05,0.99984319
4.7305671,-3.2900188e-05,0.99984438
4.734362,-3.262526e-05,0.99984555
4.7381568,-3.235265e-05,0.99984672
4.7419516,-3.2082339e-05,0.99984788
4.7457465,-3.1814307e-05,0.99984903
4.7495413,-3.1548534e-05,0.99985017
4.7533361,-3.1285002e-05,0.9998513
4.7571309,-3.102369e-05,0.99985243
4.7609258,-3.0764581e-05,0.99985354
4.7647206,-3.0507655e-05,0.99985465
4.7685154,-3.0252894e-05,0.99985575
4.7723103,-3.000028e-05,0.99985684
4.7761051,-2.9749793e-05,0.99985792
4.7798999,-2.9501417e-05,0.999859
4.7836947,-2.9255133e-05,0.99986006
4.7874896,-2.9010923e-05,0.99986112
4.7912844,-2.876877e-05,0.99986217
4.7950792,-2.8528656e-05,0.99986321
4.7988741,-2.8290563e-05,0.99986425
4.8026689,-2.8054476e-05,0.99986527
4.8064637,-2.7820375e-05,0.99986629
4.8102585,-2.7588246e-05,0.9998673
4.8140534,-2.735807e-05,0.99986831
4.8178482,-2.7129832e-05,0.9998693
4.821643,-2.6903514e-05,0.99987029
4.8254379,-2.6679101e-05,0.99987127
4.8292327,-2.6456576e-05,0.99987224
4.8330275,-2.6235924e-05,0.99987321
4.8368224,-2.6017127e-05,0.99987417
4.8406172,-2.5800172e-05,0.99987512
4.844412,-2.5585041e-05,0.99987606
4.8482068,-2.537172e-05,0.999877
4.8520017,-2.5160192e-05,0.99987793
4.8557965,-2.4950444e-05,0.99987885
4.8595913,-2.4742459e-05,0.99987977
4.8633862,-2.4536222e-05,0.99988068
4.867181,-2.433172e-05,0.99988158
4.8709758,-2.4128937e-05,0.99988248
4.8747706,-2.3927858e-05,0.99988336
4.8785655,-2.372847e-05,0.99988425
4.8823603,-2.3530757e-05,0.99988512
4.8861551,-2.3334706e-05,0.99988599
4.88995,-2.3140302e-05,0.99988685
4.8937448,-2.2947531e-05,0.99988771
4.8975396,-2.275638e-05,0.99988856
4.9013344,-2.2566835e-05,0.9998894
4.9051293,-2.2378882e-05,0.99989023
4.9089241,-2.2192508e-05,0.99989106
4.9127189,-2.2007699e-05,0.99989189
4.9165138,-2.1824442e-05,0.99989271
4.9203086,-2.1642724e-05,0.99989352
4.9241034,-2.1462531e-05,0.99989432
4.9278982,-2.1283852e-05,0.99989512
4.9316931,-2.1106673e-05,0.99989591
4.9354879,-2.0930981e-05,0.9998967
4.9392827,-2.0756763e-05,0.99989748
4.9430776,-2.0584008e-05,0.99989826
4.9468724,-2.0412703e-05,0.99989903
4.9506672,-2.0242836e-05,0.99989979
4.9544621,-2.0074393e-05,0.99990055
4.9582569,-1.9907364e-05,0.9999013
4.9620517,-1.9741737e-05,0.99990205
4.9658465,-1.9577499e-05,0.99990279
4.9696414,-1.9414638e-05,0.99990352
4.9734362,-1.9253144e-05,0.99990425
4.977231,-1.9093004e-05,0.99990497
4.9810259,-1.8934207e-05,0.99990569
4.9848207,-1.8776741e-05,0.99990641
4.9886155,-1.8620596e-05,0.99990711
4.9924103,-1.846576e-05,0.99990782
4.9962052,-1.8312223e-05,0.99990851
5,-1.8159972e-05,0.9999092
