eV_LT,dW_LT,eV_WNL,dW_WNL,eV_UR,dW_UR
0.00041756924,0.21430291,0.067626926,0.33972349,64.127503,0.35561245
0.00042979348,0.2163262,0.069606689,0.3426346,66.004821,0.35826518
0.00044237559,0.21836774,0.071644409,0.34556519,67.937097,0.3609345
0.00045532603,0.22042766,0.073741782,0.34851525,69.92594,0.36362047
0.0004686556,0.22250611,0.075900556,0.35148479,71.973006,0.36632313
0.00048237538,0.22460323,0.078122528,0.3544738,74.079999,0.36904251
0.00049649681,0.22671916,0.080409547,0.35748227,76.248674,0.37177865
0.00051103165,0.22885404,0.082763518,0.3605102,78.480837,0.37453162
0.00052599198,0.23100802,0.085186401,0.36355757,80.778346,0.37730143
0.00054139028,0.23318125,0.087680214,0.36662436,83.143113,0.3800881
0.00055723935,0.23537386,0.090247032,0.36971056,85.577109,0.38289167
0.00057355241,0.237586,0.092888994,0.37281616,88.082359,0.38571216
0.00059034303,0.23981782,0.095608298,0.37594112,90.66095,0.38854963
0.00060762518,0.24206946,0.098407209,0.37908541,93.315029,0.3914041
0.00062541327,0.24434105,0.10128806,0.38224901,96.046805,0.3942756
0.0006437221,0.24663276,0.10425324,0.38543186,98.858554,0.39716417
0.00066256692,0.24894472,0.10730523,0.38863391,101.75262,0.40006981
0.00068196342,0.25127709,0.11044657,0.39185512,104.7314,0.40299256
0.00070192774,0.25363,0.11367987,0.39509545,107.79739,0.40593244
0.00072247652,0.25600359,0.11700782,0.39835485,110.95313,0.40888946
0.00074362685,0.25839802,0.1204332,0.40163327,114.20126,0.41186365
0.00076539636,0.26081343,0.12395885,0.40493062,117.54448,0.414855
0.00078780316,0.26324994,0.12758772,0.40824683,120.98556,0.41786354
0.00081086592,0.26570771,0.13132282,0.41158185,124.52739,0.42088927
0.00083460384,0.26818689,0.13516726,0.41493559,128.1729,0.42393222
0.00085903667,0.27068763,0.13912426,0.41830797,131.92513,0.42699238
0.00088418478,0.27321006,0.14319709,0.42169891,135.78721,0.43006976
0.00091006908,0.27575434,0.14738915,0.4251083,139.76235,0.43316437
0.00093671115,0.2783206,0.15170393,0.42853608,143.85386,0.43627622
0.00096413316,0.28090901,0.15614503,0.43198215,148.06515,0.43940528
0.00099235793,0.28351968,0.16071614,0.4354464,152.39972,0.44255157
0.001021409,0.28615277,0.16542107,0.43892873,156.86119,0.44571509
0.0010513105,0.28880842,0.17026373,0.44242902,161.45327,0.44889582
0.0010820874,0.29148677,0.17524817,0.44594715,166.17977,0.45209375
0.0011137652,0.29418797,0.18037852,0.44948301,171.04465,0.45530887
0.0011463705,0.29691216,0.18565906,0.45303646,176.05194,0.45854114
0.0011799302,0.29965946,0.19109418,0.45660737,181.20582,0.46179056
0.0012144724,0.30243002,0.19668842,0.46019561,186.51058,0.46505709
0.0012500258,0.30522398,0.20244643,0.46380105,191.97064,0.46834073
0.00128662,0.30804148,0.208373,0.46742354,197.59053,0.47164142
0.0013242855,0.31088265,0.21447307,0.47106291,203.37495,0.47495915
0.0013630537,0.31374763,0.22075173,0.47471902,209.32871,0.47829386
0.0014029568,0.31663654,0.22721418,0.47839172,215.45676,0.48164551
0.001444028,0.31954953,0.23386583,0.48208084,221.7642,0.48501409
0.0014863016,0.32248672,0.24071219,0.4857862,228.2563,0.48839953
0.0015298127,0.32544824,0.24775899,0.48950764,234.93845,0.49180177
0.0015745977,0.32843422,0.25501208,0.49324496,241.81622,0.49522078
0.0016206936,0.33144479,0.2624775,0.49699799,248.89534,0.4986565
0.0016681391,0.33448006,0.27016147,0.50076652,256.18169,0.50210888
0.0017169735,0.33754018,0.27807038,0.50455036,263.68135,0.50557782
0.0017672375,0.34062525,0.28621083,0.50834932,271.40056,0.50906323
0.001818973,0.34373539,0.29458959,0.51216322,279.34575,0.51256505
0.001872223,0.34687072,0.30321363,0.51599182,287.52354,0.51608323
0.0019270319,0.35003137,0.31209014,0.51983493,295.94072,0.51961768
0.0019834453,0.35321742,0.32122651,0.52369232,304.60432,0.52316831
0.0020415102,0.35642902,0.33063034,0.52756375,313.52154,0.52673504
0.0021012749,0.35966626,0.34030947,0.53144897,322.69981,0.53031776
0.0021627893,0.36292924,0.35027195,0.53534777,332.14678,0.53391637
0.0022261045,0.36621807,0.36052608,0.53925991,341.8703,0.53753078
0.0022912732,0.36953285,0.3710804,0.54318518,351.87847,0.54116086
0.0023583497,0.37287367,0.38194369,0.5471233,362.17964,0.54480652
0.0024273898,0.37624063,0.39312501,0.55107401,372.78236,0.5484676
0.0024984511,0.37963379,0.40463365,0.55503703,383.69548,0.55214398
0.0025715927,0.38305325,0.41647921,0.55901214,394.92808,0.55583554
0.0026468755,0.38649912,0.42867155,0.56299904,406.48951,0.55954216
0.0027243621,0.38997146,0.44122081,0.56699748,418.3894,0.56326368
0.0028041172,0.39347036,0.45413745,0.57100714,430.63765,0.56699997
0.0028862071,0.39699589,0.46743222,0.57502777,443.24447,0.57075089
0.0029707002,0.40054813,0.48111619,0.57905909,456.22035,0.57451627
0.0030576668,0.40412714,0.49520076,0.58310083,469.5761,0.57829594
0.0031471792,0.40773298,0.50969765,0.58715267,483.32283,0.58208974
0.0032393122,0.41136571,0.52461893,0.59121431,497.472,0.58589752
0.0033341423,0.41502539,0.53997703,0.59528546,512.03538,0.5897191
0.0034317486,0.41871206,0.55578473,0.59936579,527.02509,0.59355428
0.0035322122,0.42242578,0.5720552,0.60345501,542.45363,0.59740287
0.003635617,0.42616657,0.58880199,0.60755278,558.33384,0.60126465
0.0037420488,0.42993448,0.60603904,0.61165879,574.67894,0.60513946
0.0038515964,0.43372952,0.62378069,0.6157727,591.50253,0.60902705
0.0039643511,0.43755172,0.64204173,0.61989422,608.81863,0.61292724
0.0040804065,0.44140111,0.66083735,0.62402299,626.64166,0.61683976
0.0041998595,0.44527769,0.68018322,0.62815865,644.98645,0.62076439
0.0043228094,0.44918146,0.70009543,0.63230088,663.86828,0.6247009
0.0044493587,0.45311243,0.72059056,0.63644935,683.30288,0.62864903
0.0045796127,0.45707059,0.74168568,0.6406037,703.30641,0.63260855
0.0047136798,0.46105591,0.76339836,0.64476356,723.89555,0.6365792
0.0048516717,0.46506839,0.78574668,0.64892859,745.08743,0.64056068
0.0049937033,0.46910799,0.80874923,0.65309839,766.89969,0.64455273
0.0051398928,0.47317466,0.83242518,0.65727261,789.35051,0.64855506
0.005290362,0.47726838,0.85679424,0.66145086,812.45856,0.6525674
0.0054452361,0.48138909,0.8818767,0.66563278,836.2431,0.65658941
0.0056046442,0.48553673,0.90769344,0.66981799,860.72393,0.66062073
0.0057687189,0.48971122,0.93426595,0.67400611,885.92143,0.66466107
0.0059375968,0.49391249,0.96161638,0.67819676,911.85657,0.6687101
0.0061114186,0.49814045,0.98976748,0.68238953,938.55097,0.67276751
0.006290329,0.502395,1.0187427,0.68658402,966.02683,0.67683293
0.0064744769,0.50667605,1.0485662,0.69077981,994.30705,0.680906
0.0066640158,0.51098348,1.0792627,0.69497645,1023.4152,0.68498633
0.0068591033,0.51531716,1.1108579,0.69917357,1053.3754,0.68907354
0.007059902,0.51967695,1.143378,0.70337074,1084.2127,0.69316725
0.007266579,0.52406269,1.1768501,0.70756757,1115.9528,0.69726705
0.0074793065,0.52847426,1.2113021,0.7117636,1148.6221,0.70137253
0.0076982615,0.53291143,1.2467627,0.71595835,1182.2477,0.70548322
0.0079236263,0.53737402,1.2832614,0.7201514,1216.8578,0.70959867
0.0081555887,0.54186185,1.3208286,0.72434229,1252.481,0.71371845
0.0083943417,0.54637472,1.3594956,0.72853058,1289.1471,0.71784211
0.0086400841,0.55091242,1.3992945,0.7327158,1326.8866,0.72196916
0.0088930206,0.55547471,1.4402585,0.73689746,1365.7309,0.72609914
0.0091533618,0.56006135,1.4824217,0.74107508,1405.7123,0.73023155
0.0094213243,0.56467208,1.5258193,0.7452482,1446.8643,0.73436587
0.0096971315,0.56930665,1.5704873,0.74941635,1489.2209,0.73850155
0.0099810128,0.57396473,1.616463,0.75357899,1532.8175,0.74263808
0.010273205,0.57864606,1.6637846,0.75773565,1577.6904,0.74677491
0.01057395,0.58335029,1.7124915,0.76188578,1623.8769,0.7509115
0.0108835,0.58807711,1.7626243,0.76602889,1671.4155,0.75504722
0.011202112,0.59282616,1.8142247,0.77016442,1720.3458,0.75918152
0.011530052,0.59759708,1.8673357,0.77429182,1770.7086,0.76331377
0.011867591,0.60238949,1.9220015,0.77841052,1822.5456,0.76744337
0.012215012,0.60720297,1.9782677,0.78251997,1875.9002,0.77156965
0.012572604,0.61203712,2.036181,0.78661964,1930.8168,0.77569203
0.012940664,0.6168915,2.0957898,0.7907089,1987.341,0.77980975
0.013319499,0.62176565,2.1571435,0.79478714,2045.52,0.78392217
0.013709424,0.6266591,2.2202934,0.7988538,2105.4021,0.78802858
0.014110765,0.63157135,2.285292,0.80290825,2167.0373,0.79212831
0.014523854,0.63650189,2.3521934,0.80694984,2230.4768,0.79622062
0.014949037,0.64145017,2.4210533,0.81097793,2295.7735,0.80030477
0.015386666,0.64641566,2.4919291,0.81499186,2362.9818,0.80437998
0.015837108,0.65139776,2.5648798,0.81899094,2432.1575,0.80844549
0.016300735,0.65639587,2.6399661,0.82297448,2503.3584,0.81250052
0.016777936,0.66140937,2.7172505,0.82694179,2576.6436,0.81654425
0.017269106,0.66643762,2.7967973,0.83089216,2652.0743,0.8205758
0.017774655,0.67147993,2.878673,0.83482486,2729.7131,0.82459434
0.018295004,0.67653562,2.9629454,0.83873914,2809.6249,0.82859902
0.018830586,0.68160397,3.049685,0.84263425,2891.876,0.83258897
0.019381847,0.68668422,3.1389638,0.84650939,2976.535,0.83656329
0.019949246,0.69177559,3.2308563,0.85036377,3063.6724,0.84052105
0.020533256,0.69687731,3.3254389,0.85419654,3153.3607,0.84446132
0.021134362,0.70198854,3.4227903,0.85800683,3245.6746,0.84838312
0.021753066,0.70710842,3.5229917,0.86179387,3340.691,0.85228548
0.022389882,0.71223606,3.6261265,0.86555674,3438.489,0.8561674
0.023045341,0.71737055,3.7322806,0.86929458,3539.15,0.86002787
0.023719988,0.72251097,3.8415422,0.87300645,3642.7578,0.86386586
0.024414385,0.72765628,3.9540025,0.87669136,3749.3987,0.86768024
0.025129111,0.73280547,4.069755,0.88034837,3859.1615,0.87146988
0.02586476,0.73795752,4.1888962,0.88397652,3972.1375,0.87523377
0.026621945,0.74311139,4.3115252,0.88757482,4088.421,0.87897077
0.027401296,0.74826597,4.4377441,0.89114224,4208.1085,0.88267971
0.028203463,0.75342011,4.567658,0.89467774,4331.3,0.88635946
0.029029113,0.75857266,4.7013752,0.8981802,4458.0978,0.89000882
0.029878933,0.76372242,4.8390069,0.90164856,4588.6076,0.89362655
0.030753632,0.76886816,4.9806677,0.90508174,4722.938,0.89721137
0.031653938,0.77400857,5.1264756,0.90847858,4861.201,0.90076208
0.0325806,0.77914238,5.276552,0.91183791,5003.5115,0.90427739
0.033534389,0.78426821,5.4310219,0.91515853,5149.9882,0.90775599
0.034516101,0.78938469,5.5900138,0.91843924,5300.7529,0.91119648
0.035526552,0.79449039,5.7536602,0.92167878,5455.9312,0.91459756
0.036566584,0.79958386,5.9220973,0.9248759,5615.6524,0.91795783
0.037637062,0.80466356,6.0954653,0.92802929,5780.0493,0.92127589
0.038738878,0.80972796,6.2739087,0.93113761,5949.259,0.9245503
0.03987295,0.81477548,6.4575759,0.93419957,6123.4222,0.92777964
0.041040222,0.81980448,6.64662,0.93721377,6302.684,0.93096234
0.042241665,0.8248133,6.8411983,0.94017873,6487.1936,0.93409693
0.04347828,0.82980021,7.0414728,0.94309309,6677.1047,0.93718183
0.044751097,0.83476343,7.2476103,0.9459554,6872.5754,0.94021553
0.046061175,0.8397012,7.4597824,0.94876415,7073.7685,0.9431964
0.047409605,0.84461164,7.6781659,0.95151783,7280.8515,0.94612283
0.048797511,0.84949287,7.9029424,0.95421491,7493.9968,0.9489932
0.050226047,0.85434294,8.1342993,0.95685382,7713.3818,0.9518058
0.051696403,0.85915985,8.372429,0.95943295,7939.1893,0.95455899
0.053209803,0.86394157,8.61753,0.96195063,8171.6073,0.95725098
0.054767508,0.86868603,8.8698062,0.96440523,8410.8292,0.95988003
0.056370815,0.87339108,9.1294678,0.96679504,8657.0543,0.96244436
0.058021057,0.87805454,9.3967309,0.96911838,8910.4876,0.9649422
0.059719611,0.88267419,9.671818,0.97137351,9171.3401,0.96737169
0.061467889,0.88724774,9.9549583,0.97355864,9439.829,0.96973102
0.063267347,0.89177284,10.246387,0.97567198,9716.1778,0.97201826
0.065119484,0.89624714,10.546348,0.97771168,10000.617,0.97423149
0.067025842,0.90066819,10.85509,0.97967588,10293.383,0.97636879
0.068988009,0.90503351,11.17287,0.98156273,10594.719,0.97842816
0.071007617,0.90934055,11.499954,0.98337029,10904.877,0.98040761
0.073086349,0.91358672,11.836612,0.98509663,11224.115,0.98230513
0.075225935,0.91776942,12.183126,0.98673975,11552.698,0.98411869
0.077428157,0.92188584,12.539784,0.98829757,11890.901,0.98584612
0.079694849,0.92593325,12.906884,0.98976808,12239.004,0.98748532
0.082027897,0.92990885,13.28473,0.99114928,12597.298,0.9890343
0.084429245,0.93380985,13.673637,0.99243908,12966.081,0.99049092
0.086900892,0.93763333,14.07393,0.99363539,13345.66,0.99185293
0.089444896,0.94137633,14.485941,0.99473617,13736.351,0.99311817
0.092063375,0.94503584,14.910014,0.99573915,14138.48,0.99428444
0.09475851,0.94860883,15.346501,0.99664219,14552.381,0.99534948
0.097532543,0.95209219,15.795766,0.99744312,14978.398,0.99631098
0.10038779,0.95548272,16.258184,0.99813966,15416.888,0.99716675
0.10332662,0.95877727,16.734138,0.99872958,15868.214,0.99791444
0.10635148,0.96197254,17.224026,0.9992106,16332.752,0.99855175
0.10946489,0.96506523,17.728256,0.99958045,16810.889,0.99907633
0.11266945,0.968052,18.247247,0.99983682,17303.024,0.99948582
0.11596783,0.97092943,18.781431,0.99997742,17809.567,0.99977781
0.11936276,0.97369407,19.331253,1,18330.938,0.99994999
0.12285708,0.97634243,19.897171,0.99990212,18867.572,1
0.12645369,0.97887097,20.479656,0.99968145,19419.915,0.99992537
0.13015559,0.98127612,21.079193,0.99933554,19988.429,0.99972365
0.13396587,0.98355424,21.696282,0.99886195,20573.586,0.99939241
0.13788769,0.98570167,22.331435,0.99825835,21175.873,0.99892918
0.14192432,0.9877147,22.985183,0.99752232,21795.792,0.99833151
0.14607912,0.98958962,23.658069,0.99665143,22433.859,0.99759691
0.15035555,0.99132263,24.350654,0.99564325,23090.605,0.99672296
0.15475718,0.99290996,25.063513,0.99449543,23766.577,0.99570719
0.15928766,0.99434776,25.797242,0.99320559,24462.338,0.9945471
0.16395077,0.99563217,26.552451,0.99177123,25178.467,0.99324026
0.16875039,0.99675931,27.329767,0.99018991,25915.561,0.99178417
0.17369052,0.99772529,28.12984,0.98845923,26674.233,0.9901764
0.17877527,0.99852617,28.953335,0.98657675,27455.115,0.9884145
0.18400888,0.99915803,29.800937,0.98454011,28258.858,0.98649607
0.18939569,0.99961693,30.673353,0.98234693,29086.129,0.98441867
0.19494021,0.99989892,31.571308,0.97999485,29937.619,0.9821799
0.20064704,1,32.495551,0.97748153,30814.036,0.97977734
0.20652094,0.99991627,33.446851,0.97480464,31716.11,0.97720865
0.21256679,0.99964374,34.426,0.97196191,32644.592,0.9744715
0.21878963,0.9991785,35.433813,0.96895114,33600.255,0.97156357
0.22519465,0.99851663,36.47113,0.96577007,34583.895,0.96848264
0.23178717,0.99765419,37.538814,0.96241649,35596.33,0.96522649
0.23857269,0.99658734,38.637754,0.95888824,36638.405,0.96179294
0.24555685,0.99531211,39.768866,0.95518307,37710.986,0.95817972
0.25274547,0.99382468,40.93309,0.95129904,38814.966,0.95438479
0.26014454,0.99212133,42.131397,0.94723415,39951.266,0.95040619
0.26776021,0.9901984,43.364784,0.94298651,41120.83,0.94624194
0.27559883,0.98805221,44.634278,0.9385542,42324.633,0.94189005
0.28366692,0.98567916,45.940937,0.93393551,43563.677,0.93734881
0.29197121,0.98307575,47.285847,0.92912869,44838.994,0.93261642
0.3005186,0.98023854,48.67013,0.92413208,46151.645,0.92769123
0.30931621,0.97716418,50.094937,0.91894414,47502.724,0.9225717
0.31837137,0.97384939,51.561454,0.9135634,48893.355,0.91725634
0.32769162,0.9702911,53.070904,0.90798853,50324.697,0.91174374
0.33728472,0.96648621,54.624543,0.90221824,51797.941,0.90603263
0.34715865,0.96243182,56.223664,0.89625143,53314.314,0.90012188
0.35732164,0.95812515,57.869599,0.89008703,54875.079,0.8940104
0.36778215,0.95356358,59.563718,0.88372418,56481.534,0.88769725
0.37854889,0.94874464,61.307433,0.87716212,58135.018,0.88118167
0.38963083,0.94366601,63.102194,0.8704002,59836.907,0.87446306
0.40103718,0.93832554,64.949496,0.86343794,61588.619,0.86754086
0.41277745,0.93272127,66.850878,0.85627507,63391.612,0.86041483
0.42486142,0.92685144,68.807922,0.84891139,65247.387,0.85308481
0.43729914,0.92071454,70.822258,0.84134696,67157.489,0.84555079
0.45010097,0.91430924,72.895564,0.83358195,69123.51,0.83781292
0.46327757,0.90763442,75.029565,0.82561666,71147.085,0.82987155
0.47683992,0.90068924,77.226038,0.81745178,73229.899,0.82172731
0.4907993,0.89347311,79.486813,0.80908802,75373.688,0.81338094
0.50516734,0.88598574,81.813771,0.80052637,77580.236,0.8048334
0.519956,0.87822709,84.208851,0.79176807,79851.379,0.79608592
0.53517759,0.87019742,86.674046,0.78281463,82189.01,0.78713996
0.55084479,0.86189729,89.211409,0.7736677,84595.075,0.77799733
0.56697065,0.85332762,91.823052,0.76432916,87071.576,0.76865992
0.58356859,0.84448963,94.511151,0.75480119,89620.577,0.75912994
0.60065242,0.83538491,97.277944,0.74508624,92244.199,0.74940975
0.61823639,0.82601541,100.12573,0.73518704,94944.627,0.7395021
0.63633512,0.81638344,103.05689,0.72510659,97724.109,0.72941008
0.65496368,0.80649169,106.07386,0.71484823,100584.96,0.71913694
0.67413759,0.79634328,109.17915,0.70441553,103529.56,0.70868628
0.69387282,0.78594169,112.37534,0.69381236,106560.37,0.69806207
0.71418579,0.77529093,115.6651,0.6830429,109679.9,0.6872686
0.73509341,0.76439531,119.05117,0.67211165,112890.75,0.67631038
0.75661311,0.75325962,122.53637,0.66102345,116195.6,0.66519225
0.77876278,0.74188905,126.12359,0.64978342,119597.2,0.65391941
0.80156089,0.73028942,129.81583,0.63839712,123098.38,0.64249739
0.8250264,0.71846692,133.61616,0.62687036,126702.06,0.63093212
0.84917886,0.70642819,137.52775,0.61520939,130411.23,0.61922976
0.87403838,0.6941804,141.55384,0.60342066,134228.99,0.60739703
0.89962565,0.68173124,145.69779,0.59151109,138158.52,0.5954408
0.92596199,0.66908886,149.96306,0.57948799,142203.08,0.58336842
0.95306931,0.65626181,154.3532,0.5673588,146366.04,0.57118753
0.9809702,0.64325927,158.87185,0.55513146,150650.87,0.55890614
1.0096879,0.63009087,163.52279,0.54281423,155061.14,0.54653252
1.0392463,0.61676668,168.30988,0.53041579,159600.52,0.53407537
1.06967,0.60329733,173.23712,0.51794504,164272.79,0.5215437
1.1009843,0.58969391,178.30859,0.50541129,169081.84,0.50894698
1.1332154,0.57596794,183.52854,0.49282414,174031.67,0.49629487
1.16639,0.56213142,188.90129,0.48019346,179126.41,0.4835974
1.2005358,0.54819688,194.43134,0.46752944,184370.29,0.47086486
1.2356812,0.53417721,200.12327,0.45484261,189767.69,0.45810779
1.2718555,0.52008572,205.98183,0.44214368,195323.1,0.44533708
1.3090888,0.5059361,212.0119,0.42944377,201041.14,0.43256395
1.347412,0.49174252,218.2185,0.4167543,206926.57,0.41979979
1.3868572,0.47751942,224.6068,0.40408659,212984.3,0.40705627
1.4274572,0.4632816,231.18211,0.39145235,219219.36,0.39434517
1.4692456,0.44904408,237.94992,0.3788635,225636.96,0.38167849
1.5122575,0.4348223,244.91585,0.36633208,232242.43,0.36906837
1.5565285,0.42063175,252.0857,0.35387015,239041.28,0.35652709
1.6020955,0.40648825,259.46546,0.34149,246039.16,0.34406702
1.6489965,0.39240773,267.06125,0.32920399,253241.9,0.33170053
1.6972705,0.37840616,274.8794,0.31702444,260655.49,0.31944014
1.7469577,0.36449964,282.92644,0.3049636,268286.12,0.30729835
1.7980995,0.3507043,291.20904,0.29303379,276140.14,0.29528761
1.8507384,0.33703618,299.73412,0.28124718,284224.08,0.2834201
1.9049184,0.32351117,308.50877,0.26961574,292544.67,0.27170802
1.9606844,0.31014517,317.54029,0.25815142,301108.85,0.26016336
2.018083,0.29695381,326.83621,0.24686584,309923.75,0.24879796
2.0771619,0.28395233,336.40427,0.23577056,318996.69,0.23762339
2.1379704,0.27115583,346.25243,0.22487668,328335.25,0.22665095
2.200559,0.25857894,356.38889,0.2141948,337947.19,0.21589146
2.2649798,0.24623582,366.82209,0.20373533,347840.52,0.20535538
2.3312866,0.23414027,377.56073,0.19350814,358023.47,0.19505271
2.3995345,0.22230529,388.61373,0.18352285,368504.52,0.18499306
2.4697803,0.21074377,399.99031,0.1737887,379292.41,0.17518586
2.5420826,0.19946751,411.69994,0.16431378,390396.11,0.16563948
2.6165014,0.18848748,423.75236,0.15510579,401824.87,0.15636147
2.6930989,0.17781393,436.15761,0.1461718,413588.2,0.1473591
2.7719388,0.16745626,448.92603,0.13751827,425695.9,0.13863902
2.8530867,0.15742307,462.06823,0.12915074,438158.05,0.13020668
2.9366101,0.14772187,475.59518,0.12107418,450985.03,0.12206713
3.0225787,0.13835923,489.51812,0.11329262,464187.51,0.11422457
3.111064,0.12934076,503.84865,0.10580928,477776.49,0.10668236
3.2021397,0.12067104,518.5987,0.098626682,491763.29,0.099442879
3.2958816,0.11235334,533.78056,0.091746379,506159.55,0.092507848
3.3923678,0.10439015,549.40686,0.085169066,520977.26,0.0858779
3.4916786,0.096782626,565.49063,0.078894615,536228.75,0.079552995
3.5938967,0.089530897,582.04524,0.072921937,551926.72,0.073532144
3.6991072,0.082633941,599.08448,0.067249204,568084.25,0.06781344
3.8073977,0.076089677,616.62254,0.061873626,584714.79,0.062394097
3.9188584,0.06989489,634.67402,0.056791611,601832.18,0.057270485
4.0335821,0.06404531,653.25396,0.051998653,619450.68,0.052438236
4.1516643,0.05853566,672.37782,0.047489669,637584.96,0.047892124
4.2732033,0.053359675,692.06153,0.043258715,656250.11,0.043626113
4.3983004,0.048510088,712.32147,0.039298935,675461.68,0.03963352
4.5270596,0.043978831,733.17452,0.035603113,695235.67,0.035906936
4.6595883,0.039756908,754.63804,0.032163274,715588.54,0.032438324
4.7959967,0.035834682,776.7299,0.02897084,736537.23,0.029219121
4.9363984,0.032201699,799.46849,0.026016767,758099.19,0.026240207
5.0809103,0.028846996,822.87275,0.02329157,780292.37,0.023492037
5.2296528,0.025759038,846.96216,0.020785398,803135.25,0.020964658
5.3827497,0.022925831,871.75678,0.01848806,826646.85,0.018647799
5.5403285,0.020335068,897.27726,0.016389102,850846.75,0.016531004
5.7025203,0.017974137,923.54485,0.014477974,875755.1,0.014603582
5.8694603,0.015830265,950.58142,0.012743973,901392.63,0.012854721
6.0412874,0.013890579,978.40947,0.011176339,927780.69,0.011273656
6.2181447,0.012142202,1007.0522,0.0097644131,954941.26,0.0098495807
6.4001795,0.010572347,1036.5334,0.0084975717,982896.95,0.0085718294
6.5875433,0.0091683679,1066.8777,0.0073653949,1011671,0.0074298694
6.7803921,0.0079178588,1098.1103,0.0063576906,1041287.5,0.0064134311
6.9788866,0.0068087286,1130.2572,0.0054644974,1071770.9,0.0055124957
7.1831919,0.0058292339,1163.3452,0.0046762184,1103146.8,0.0047173539
7.3934782,0.0049680843,1197.4019,0.0039835989,1135441.1,0.004018703
7.6099206,0.004214441,1232.4556,0.0033778196,1168680.9,0.0034076307
7.8326993,0.0035581319,1268.5354,0.0028505848,1202893.8,0.0028757743
8.0619998,0.0029893074,1305.6715,0.0023938793,1238108.2,0.0024150748
8.298013,0.0024987409,1343.8948,0.0020002223,1274353.6,0.0020179566
8.5409354,0.0020778262,1383.237,0.001662634,1311660,0.001677393
8.7909694,0.0017185718,1423.7309,0.0013746481,1350058.5,0.0013868718
9.048323,0.0014136104,1465.4103,0.0011302996,1389581.2,0.0011403641
9.3132106,0.001156176,1508.3099,0.00092413005,1430260.9,0.00093237036
9.5858527,0.00094011056,1552.4653,0.0007511718,1472131.4,0.00075787767
9.8664764,0.00075983715,1597.9134,0.00060692595,1515227.7,0.00061235402
10.155315,0.00061034181,1644.6919,0.00048735698,1559585.7,0.00049171938
10.45261,0.00048714325,1692.8399,0.00038886253,1605242.2,0.00039234905
10.758608,0.00038627044,1742.3974,0.00030824664,1652235.3,0.00031101455
11.073563,0.00030422411,1793.4057,0.0002427033,1700604.1,0.00024488437
11.397739,0.00023794578,1845.9072,0.00018977369,1750388.9,0.00019148198
11.731406,0.00018478011,1899.9457,0.00014733155,1801631.1,0.00014865922
12.07484,0.00014244106,1955.5662,0.00011354328,1854373.5,0.00011456812
12.428328,0.00010897424,2012.815,8.6844487e-05,1908659.9,8.7628622e-05
12.792164,8.2722544e-05,2071.7397,6.5907518e-05,1964535.4,6.6503858e-05
13.166652,6.2292542e-05,2132.3894,4.9618873e-05,2022046.8,5.0068274e-05
13.552103,4.6522052e-05,2194.8146,3.7048746e-05,2081241.7,3.7384517e-05
13.948838,3.444967e-05,2259.0673,2.7428614e-05,2142169.6,2.7677712e-05
14.357187,2.5287567e-05,2325.201,2.0129709e-05,2204881.1,2.0312716e-05
14.77749,1.839545e-05,2393.2707,1.46405e-05,2269428.5,1.4773691e-05
15.210098,1.3258109e-05,2463.3332,1.054981e-05,2335865.5,1.064594e-05
15.65537,9.4645165e-06,2535.4467,7.5298072e-06,2404247.5,7.5984873e-06
16.113677,6.6902213e-06,2609.6713,5.3217129e-06,2474631.2,5.37029e-06
16.585402,4.6814376e-06,2686.0688,3.723209e-06,2547075.5,3.7572577e-06
17.070935,3.2417652e-06,2764.7029,2.5778322e-06,2621640.6,2.6014181e-06
17.570683,2.2208312e-06,2845.6389,1.7657234e-06,2698388.5,1.7819018e-06
18.085061,1.5046609e-06,2928.9444,1.1961474e-06,2777383.2,1.2071269e-06
18.614497,1.0078755e-06,3014.6886,8.0111889e-07,2858690.5,8.0847179e-07
19.159432,6.6722611e-07,3102.9429,5.3028256e-07,2942378,5.3515961e-07
19.72032,4.3639769e-07,3193.7808,3.4679005e-07,3028515.4,3.4998113e-07
20.297628,2.8188901e-07,3287.278,2.2398289e-07,3117174.5,2.2604628e-07
20.891836,1.7976094e-07,3383.5123,1.4281818e-07,3208429.1,1.4413575e-07
21.50344,1.13126e-07,3482.5639,8.9869238e-08,3302355.1,9.0698439e-08
22.132949,7.0227598e-08,3584.5152,5.5784563e-08,3399030.8,5.630053e-08
22.780886,4.2988138e-08,3689.451,3.4144505e-08,3498536.7,3.4460462e-08
23.447791,2.5935795e-08,3797.4589,2.0598654e-08,3600955.6,2.078948e-08
24.13422,1.5416704e-08,3908.6286,1.2243337e-08,3706372.7,1.235687e-08
24.840743,9.0309051e-09,4023.0528,7.171531e-09,3814875.9,7.2380173e-09
25.56795,5.2101334e-09,4140.8268,4.1371707e-09,3926555.6,4.1755961e-09
26.316446,2.9587422e-09,4262.0485,2.3492957e-09,4041504.6,2.371161e-09
27.086854,1.6530766e-09,4386.8191,1.312524e-09,4159818.7,1.3247439e-09
27.879816,9.0821567e-10,4515.2422,7.2108718e-10,4281596.4,7.2780887e-10
28.695991,4.9043523e-10,4647.4249,3.8937576e-10,4406939.2,3.9300209e-10
29.53606,2.6016278e-10,4783.4772,2.0654717e-10,4535951.3,2.084756e-10
30.400721,1.3550357e-10,4923.5124,1.0757736e-10,4668740.3,1.0858197e-10
31.290695,6.9257616e-11,5067.6471,5.4983873e-11,4805416.6,5.5498359e-11
32.206723,3.4717902e-11,5216.0013,2.7562157e-11,4946094.1,2.7820017e-11
33.149568,1.7059035e-11,5368.6985,1.3543029e-11,5090889.9,1.3669912e-11
34.120014,8.2113017e-12,5525.866,6.5188587e-12,5239924.5,6.5800987e-12
35.118869,3.8695717e-12,5687.6344,3.0720829e-12,5393322.1,3.1008916e-12
36.146966,1.7841322e-12,5854.1386,1.4164374e-12,5551210.4,1.429752e-12
37.205161,8.0430176e-13,6025.5172,6.3855782e-13,5713720.8,6.4456147e-13
38.294333,3.5427856e-13,6201.9129,2.8127502e-13,5880988.7,2.8392753e-13
39.415391,1.5236935e-13,6383.4725,1.2097727e-13,6053153.3,1.2211525e-13
40.569268,6.3937871e-14,6570.3472,5.0766214e-14,6230358,5.1245086e-14
41.756924,2.6157623e-14,6762.6926,2.0769728e-14,6412750.3,2.096554e-14
