z_over_lambda,I_over_Imax
-15,1.234098e-05
-14.962453,1.2967361e-05
-14.924906,1.3624122e-05
-14.887359,1.4312661e-05
-14.849812,1.5034439e-05
-14.812265,1.579098e-05
-14.774718,1.6583871e-05
-14.737171,1.7414772e-05
-14.699625,1.8285409e-05
-14.662078,1.9197586e-05
-14.624531,2.0153181e-05
-14.586984,2.1154155e-05
-14.549437,2.2202549e-05
-14.51189,2.3300492e-05
-14.474343,2.4450203e-05
-14.436796,2.5653992e-05
-14.399249,2.691427e-05
-14.361702,2.8233544e-05
-14.324155,2.9614429e-05
-14.286608,3.1059647e-05
-14.249061,3.2572033e-05
-14.211514,3.4154538e-05
-14.173967,3.5810238e-05
-14.136421,3.7542331e-05
-14.098874,3.9354148e-05
-14.061327,4.1249155e-05
-14.02378,4.3230961e-05
-13.986233,4.5303319e-05
-13.948686,4.7470135e-05
-13.911139,4.9735471e-05
-13.873592,5.2103553e-05
-13.836045,5.4578778e-05
-13.798498,5.7165715e-05
-13.760951,5.9869118e-05
-13.723404,6.2693928e-05
-13.685857,6.5645281e-05
-13.64831,6.8728517e-05
-13.610763,7.1949185e-05
-13.573217,7.5313051e-05
-13.53567,7.8826107e-05
-13.498123,8.2494578e-05
-13.460576,8.632493e-05
-13.423029,9.0323879e-05
-13.385482,9.4498401e-05
-13.347935,9.885574e-05
-13.310388,0.00010340342
-13.272841,0.00010814924
-13.235294,0.00011310131
-13.197747,0.00011826804
-13.1602,0.00012365816
-13.122653,0.00012928074
-13.085106,0.00013514516
-13.047559,0.00014126119
-13.010013,0.00014763894
-12.972466,0.00015428889
-12.934919,0.00016122193
-12.897372,0.00016844934
-12.859825,0.00017598281
-12.822278,0.00018383448
-12.784731,0.00019201689
-12.747184,0.0002005431
-12.709637,0.00020942658
-12.67209,0.00021868133
-12.634543,0.00022832184
-12.596996,0.00023836312
-12.559449,0.00024882071
-12.521902,0.00025971073
-12.484355,0.00027104984
-12.446809,0.00028285531
-12.409262,0.00029514501
-12.371715,0.00030793745
-12.334168,0.00032125178
-12.296621,0.00033510781
-12.259074,0.00034952606
-12.221527,0.00036452774
-12.18398,0.0003801348
-12.146433,0.00039636995
-12.108886,0.00041325668
-12.071339,0.00043081926
-12.033792,0.00044908281
-11.996245,0.00046807329
-11.958698,0.00048781753
-11.921151,0.00050834329
-11.883605,0.00052967923
-11.846058,0.00055185497
-11.808511,0.00057490112
-11.770964,0.00059884932
-11.733417,0.00062373222
-11.69587,0.00064958357
-11.658323,0.00067643821
-11.620776,0.00070433213
-11.583229,0.00073330247
-11.545682,0.00076338758
-11.508135,0.00079462705
-11.470588,0.00082706174
-11.433041,0.00086073379
-11.395494,0.00089568672
-11.357947,0.00093196541
-11.320401,0.00096961615
-11.282854,0.0010086867
-11.245307,0.0010492263
-11.20776,0.0010912857
-11.170213,0.0011349173
-11.132666,0.0011801751
-11.095119,0.0012271147
-11.057572,0.0012757934
-11.020025,0.0013262703
-10.982478,0.0013786064
-10.944931,0.0014328643
-10.907384,0.0014891087
-10.869837,0.0015474061
-10.83229,0.0016078251
-10.794743,0.0016704362
-10.757196,0.0017353121
-10.71965,0.0018025277
-10.682103,0.0018721598
-10.644556,0.0019442878
-10.607009,0.0020189932
-10.569462,0.00209636
-10.531915,0.0021764744
-10.494368,0.0022594252
-10.456821,0.0023453038
-10.419274,0.0024342041
-10.381727,0.0025262227
-10.34418,0.0026214588
-10.306633,0.0027200145
-10.269086,0.0028219948
-10.231539,0.0029275074
-10.193992,0.0030366631
-10.156446,0.0031495758
-10.118899,0.0032663623
-10.081352,0.0033871428
-10.043805,0.0035120406
-10.006258,0.0036411825
-9.9687109,0.0037746983
-9.931164,0.0039127216
-9.893617,0.0040553896
-9.8560701,0.0042028427
-9.8185232,0.0043552254
-9.7809762,0.0045126857
-9.7434293,0.0046753755
-9.7058824,0.0048434507
-9.6683354,0.0050170711
-9.6307885,0.0051964005
-9.5932416,0.005381607
-9.5556946,0.0055728629
-9.5181477,0.0057703447
-9.4806008,0.0059742334
-9.4430538,0.0061847145
-9.4055069,0.0064019779
-9.3679599,0.0066262183
-9.330413,0.0068576352
-9.2928661,0.0070964326
-9.2553191,0.0073428198
-9.2177722,0.0075970107
-9.1802253,0.0078592246
-9.1426783,0.0081296858
-9.1051314,0.0084086239
-9.0675845,0.0086962737
-9.0300375,0.0089928756
-8.9924906,0.0092986755
-8.9549437,0.0096139248
-8.9173967,0.0099388807
-8.8798498,0.010273806
-8.8423029,0.01061897
-8.8047559,0.010974647
-8.767209,0.011341117
-8.7296621,0.011718669
-8.6921151,0.012107594
-8.6545682,0.012508193
-8.6170213,0.012920771
-8.5794743,0.013345641
-8.5419274,0.013783121
-8.5043805,0.014233538
-8.4668335,0.014697223
-8.4292866,0.015174515
-8.3917397,0.015665762
-8.3541927,0.016171315
-8.3166458,0.016691535
-8.2790989,0.017226788
-8.2415519,0.017777451
-8.204005,0.018343904
-8.1664581,0.018926536
-8.1289111,0.019525745
-8.0913642,0.020141933
-8.0538173,0.020775514
-8.0162703,0.021426906
-7.9787234,0.022096537
-7.9411765,0.02278484
-7.9036295,0.02349226
-7.8660826,0.024219247
-7.8285357,0.024966259
-7.7909887,0.025733762
-7.7534418,0.026522232
-7.7158949,0.027332151
-7.6783479,0.02816401
-7.640801,0.029018309
-7.6032541,0.029895553
-7.5657071,0.03079626
-7.5281602,0.031720952
-7.4906133,0.032670161
-7.4530663,0.033644428
-7.4155194,0.034644302
-7.3779725,0.035670339
-7.3404255,0.036723104
-7.3028786,0.037803172
-7.2653317,0.038911123
-7.2277847,0.040047549
-7.1902378,0.041213047
-7.1526909,0.042408224
-7.1151439,0.043633694
-7.077597,0.044890081
-7.0400501,0.046178015
-7.0025031,0.047498136
-6.9649562,0.04885109
-6.9274093,0.050237533
-6.8898623,0.051658126
-6.8523154,0.05311354
-6.8147685,0.054604453
-6.7772215,0.05613155
-6.7396746,0.057695525
-6.7021277,0.059297076
-6.6645807,0.060936912
-6.6270338,0.062615746
-6.5894869,0.064334298
-6.5519399,0.066093297
-6.514393,0.067893476
-6.4768461,0.069735575
-6.4392991,0.071620339
-6.4017522,0.073548522
-6.3642053,0.075520879
-6.3266583,0.077538174
-6.2891114,0.079601174
-6.2515645,0.081710651
-6.2140175,0.083867382
-6.1764706,0.086072148
-6.1389237,0.088325734
-6.1013767,0.090628927
-6.0638298,0.09298252
-6.0262829,0.095387305
-5.9887359,0.097844079
-5.951189,0.10035364
-5.9136421,0.10291679
-5.8760951,0.10553433
-5.8385482,0.10820705
-5.8010013,0.11093577
-5.7634543,0.11372128
-5.7259074,0.11656437
-5.6883605,0.11946586
-5.6508135,0.12242654
-5.6132666,0.1254472
-5.5757196,0.12852863
-5.5381727,0.13167161
-5.5006258,0.13487694
-5.4630788,0.13814539
-5.4255319,0.14147772
-5.387985,0.14487471
-5.350438,0.14833711
-5.3128911,0.15186567
-5.2753442,0.15546113
-5.2377972,0.15912422
-5.2002503,0.16285566
-5.1627034,0.16665616
-5.1251564,0.17052642
-5.0876095,0.17446711
-5.0500626,0.17847891
-5.0125156,0.18256248
-4.9749687,0.18671844
-4.9374218,0.19094741
-4.8998748,0.19525001
-4.8623279,0.19962681
-4.824781,0.20407837
-4.787234,0.20860524
-4.7496871,0.21320792
-4.7121402,0.21788693
-4.6745932,0.22264272
-4.6370463,0.22747574
-4.5994994,0.23238639
-4.5619524,0.23737508
-4.5244055,0.24244215
-4.4868586,0.24758793
-4.4493116,0.25281271
-4.4117647,0.25811675
-4.3742178,0.26350026
-4.3366708,0.26896344
-4.2991239,0.27450642
-4.261577,0.28012933
-4.22403,0.28583221
-4.1864831,0.29161509
-4.1489362,0.29747795
-4.1113892,0.30342073
-4.0738423,0.30944329
-4.0362954,0.31554549
-3.9987484,0.3217271
-3.9612015,0.32798786
-3.9236546,0.33432744
-3.8861076,0.34074547
-3.8485607,0.34724151
-3.8110138,0.35381507
-3.7734668,0.36046561
-3.7359199,0.3671925
-3.698373,0.37399507
-3.660826,0.38087257
-3.6232791,0.3878242
-3.5857322,0.39484909
-3.5481852,0.40194628
-3.5106383,0.40911477
-3.4730914,0.41635346
-3.4355444,0.42366119
-3.3979975,0.43103672
-3.3604506,0.43847875
-3.3229036,0.44598587
-3.2853567,0.45355663
-3.2478098,0.46118946
-3.2102628,0.46888274
-3.1727159,0.47663474
-3.135169,0.48444368
-3.097622,0.49230767
-3.0600751,0.50022474
-3.0225282,0.50819284
-2.9849812,0.51620981
-2.9474343,0.52427345
-2.9098874,0.53238141
-2.8723404,0.5405313
-2.8347935,0.54872062
-2.7972466,0.55694678
-2.7596996,0.56520711
-2.7221527,0.57349884
-2.6846058,0.58181912
-2.6470588,0.59016499
-2.6095119,0.59853343
-2.571965,0.60692131
-2.534418,0.61532542
-2.4968711,0.62374246
-2.4593242,0.63216904
-2.4217772,0.6406017
-2.3842303,0.64903688
-2.3466834,0.65747094
-2.3091364,0.66590016
-2.2715895,0.67432074
-2.2340426,0.68272881
-2.1964956,0.69112041
-2.1589487,0.69949152
-2.1214018,0.70783804
-2.0838548,0.71615582
-2.0463079,0.72444061
-2.008761,0.73268812
-1.971214,0.74089401
-1.9336671,0.74905387
-1.8961202,0.75716323
-1.8585732,0.7652176
-1.8210263,0.7732124
-1.7834793,0.78114307
-1.7459324,0.78900495
-1.7083855,0.79679339
-1.6708385,0.80450371
-1.6332916,0.81213119
-1.5957447,0.8196711
-1.5581977,0.82711871
-1.5206508,0.83446926
-1.4831039,0.84171801
-1.4455569,0.84886022
-1.40801,0.85589114
-1.3704631,0.86280607
-1.3329161,0.86960029
-1.2953692,0.87626915
-1.2578223,0.882808
-1.2202753,0.88921225
-1.1827284,0.89547735
-1.1451815,0.9015988
-1.1076345,0.90757216
-1.0700876,0.91339305
-1.0325407,0.91905717
-0.99499374,0.9245603
-0.95744681,0.92989829
-0.91989987,0.93506708
-0.88235294,0.94006273
-0.84480601,0.94488139
-0.80725907,0.94951929
-0.76971214,0.95397282
-0.73216521,0.95823847
-0.69461827,0.96231284
-0.65707134,0.96619269
-0.61952441,0.9698749
-0.58197747,0.9733565
-0.54443054,0.97663466
-0.5068836,0.97970671
-0.46933667,0.98257013
-0.43178974,0.98522256
-0.3942428,0.9876618
-0.35669587,0.98988585
-0.31914894,0.99189284
-0.281602,0.99368109
-0.24405507,0.99524912
-0.20650814,0.99659561
-0.1689612,0.99771942
-0.13141427,0.99861962
-0.093867334,0.99929542
-0.056320401,0.99974628
-0.018773467,0.99997181
0.018773467,0.99997181
0.056320401,0.99974628
0.093867334,0.99929542
0.13141427,0.99861962
0.1689612,0.99771942
0.20650814,0.99659561
0.24405507,0.99524912
0.281602,0.99368109
0.31914894,0.99189284
0.35669587,0.98988585
0.3942428,0.9876618
0.43178974,0.98522256
0.46933667,0.98257013
0.5068836,0.97970671
0.54443054,0.97663466
0.58197747,0.9733565
0.61952441,0.9698749
0.65707134,0.96619269
0.69461827,0.96231284
0.73216521,0.95823847
0.76971214,0.95397282
0.80725907,0.94951929
0.84480601,0.94488139
0.88235294,0.94006273
0.91989987,0.93506708
0.95744681,0.92989829
0.99499374,0.9245603
1.0325407,0.91905717
1.0700876,0.91339305
1.1076345,0.90757216
1.1451815,0.9015988
1.1827284,0.89547735
1.2202753,0.88921225
1.2578223,0.882808
1.2953692,0.87626915
1.3329161,0.86960029
1.3704631,0.86280607
1.40801,0.85589114
1.4455569,0.84886022
1.4831039,0.84171801
1.5206508,0.83446926
1.5581977,0.82711871
1.5957447,0.8196711
1.6332916,0.81213119
1.6708385,0.80450371
1.7083855,0.79679339
1.7459324,0.78900495
1.7834793,0.78114307
1.8210263,0.7732124
1.8585732,0.7652176
1.8961202,0.75716323
1.9336671,0.74905387
1.971214,0.74089401
2.008761,0.73268812
2.0463079,0.72444061
2.0838548,0.71615582
2.1214018,0.70783804
2.1589487,0.69949152
2.1964956,0.69112041
2.2340426,0.68272881
2.2715895,0.67432074
2.3091364,0.66590016
2.3466834,0.65747094
2.3842303,0.64903688
2.4217772,0.6406017
2.4593242,0.63216904
2.4968711,0.62374246
2.534418,0.61532542
2.571965,0.60692131
2.6095119,0.59853343
2.6470588,0.59016499
2.6846058,0.58181912
2.7221527,0.57349884
2.7596996,0.56520711
2.7972466,0.55694678
2.8347935,0.54872062
2.8723404,0.5405313
2.9098874,0.53238141
2.9474343,0.52427345
2.9849812,0.51620981
3.0225282,0.50819284
3.0600751,0.50022474
3.097622,0.49230767
3.135169,0.48444368
3.1727159,0.47663474
3.2102628,0.46888274
3.2478098,0.46118946
3.2853567,0.45355663
3.3229036,0.44598587
3.3604506,0.43847875
3.3979975,0.43103672
3.4355444,0.42366119
3.4730914,0.41635346
3.5106383,0.40911477
3.5481852,0.40194628
3.5857322,0.39484909
3.6232791,0.3878242
3.660826,0.38087257
3.698373,0.37399507
3.7359199,0.3671925
3.7734668,0.36046561
3.8110138,0.35381507
3.8485607,0.34724151
3.8861076,0.34074547
3.9236546,0.33432744
3.9612015,0.32798786
3.9987484,0.3217271
4.0362954,0.31554549
4.0738423,0.30944329
4.1113892,0.30342073
4.1489362,0.29747795
4.1864831,0.29161509
4.22403,0.28583221
4.261577,0.28012933
4.2991239,0.27450642
4.3366708,0.26896344
4.3742178,0.26350026
4.4117647,0.25811675
4.4493116,0.25281271
4.4868586,0.24758793
4.5244055,0.24244215
4.5619524,0.23737508
4.5994994,0.23238639
4.6370463,0.22747574
4.6745932,0.22264272
4.7121402,0.21788693
4.7496871,0.21320792
4.787234,0.20860524
4.824781,0.20407837
4.8623279,0.19962681
4.8998748,0.19525001
4.9374218,0.19094741
4.9749687,0.18671844
5.0125156,0.18256248
5.0500626,0.17847891
5.0876095,0.17446711
5.1251564,0.17052642
5.1627034,0.16665616
5.2002503,0.16285566
5.2377972,0.15912422
5.2753442,0.15546113
5.3128911,0.15186567
5.350438,0.14833711
5.387985,0.14487471
5.4255319,0.14147772
5.4630788,0.13814539
5.5006258,0.13487694
5.5381727,0.13167161
5.5757196,0.12852863
5.6132666,0.1254472
5.6508135,0.12242654
5.6883605,0.11946586
5.7259074,0.11656437
5.7634543,0.11372128
5.8010013,0.11093577
5.8385482,0.10820705
5.8760951,0.10553433
5.9136421,0.10291679
5.951189,0.10035364
5.9887359,0.097844079
6.0262829,0.095387305
6.0638298,0.09298252
6.1013767,0.090628927
6.1389237,0.088325734
6.1764706,0.086072148
6.2140175,0.083867382
6.2515645,0.081710651
6.2891114,0.079601174
6.3266583,0.077538174
6.3642053,0.075520879
6.4017522,0.073548522
6.4392991,0.071620339
6.4768461,0.069735575
6.514393,0.067893476
6.5519399,0.066093297
6.5894869,0.064334298
6.6270338,0.062615746
6.6645807,0.060936912
6.7021277,0.059297076
6.7396746,0.057695525
6.7772215,0.05613155
6.8147685,0.054604453
6.8523154,0.05311354
6.8898623,0.051658126
6.9274093,0.050237533
6.9649562,0.04885109
7.0025031,0.047498136
7.0400501,0.046178015
7.077597,0.044890081
7.1151439,0.043633694
7.1526909,0.042408224
7.1902378,0.041213047
7.2277847,0.040047549
7.2653317,0.038911123
7.3028786,0.037803172
7.3404255,0.036723104
7.3779725,0.035670339
7.4155194,0.034644302
7.4530663,0.033644428
7.4906133,0.032670161
7.5281602,0.031720952
7.5657071,0.03079626
7.6032541,0.029895553
7.640801,0.029018309
7.6783479,0.02816401
7.7158949,0.027332151
7.7534418,0.026522232
7.7909887,0.025733762
7.8285357,0.024966259
7.8660826,0.024219247
7.9036295,0.02349226
7.9411765,0.02278484
7.9787234,0.022096537
8.0162703,0.021426906
8.0538173,0.020775514
8.0913642,0.020141933
8.1289111,0.019525745
8.1664581,0.018926536
8.204005,0.018343904
8.2415519,0.017777451
8.2790989,0.017226788
8.3166458,0.016691535
8.3541927,0.016171315
8.3917397,0.015665762
8.4292866,0.015174515
8.4668335,0.014697223
8.5043805,0.014233538
8.5419274,0.013783121
8.5794743,0.013345641
8.6170213,0.012920771
8.6545682,0.012508193
8.6921151,0.012107594
8.7296621,0.011718669
8.767209,0.011341117
8.8047559,0.010974647
8.8423029,0.01061897
8.8798498,0.010273806
8.9173967,0.0099388807
8.9549437,0.0096139248
8.9924906,0.0092986755
9.0300375,0.0089928756
9.0675845,0.0086962737
9.1051314,0.0084086239
9.1426783,0.0081296858
9.1802253,0.0078592246
9.2177722,0.0075970107
9.2553191,0.0073428198
9.2928661,0.0070964326
9.330413,0.0068576352
9.3679599,0.0066262183
9.4055069,0.0064019779
9.4430538,0.0061847145
9.4806008,0.0059742334
9.5181477,0.0057703447
9.5556946,0.0055728629
9.5932416,0.005381607
9.6307885,0.0051964005
9.6683354,0.0050170711
9.7058824,0.0048434507
9.7434293,0.0046753755
9.7809762,0.0045126857
9.8185232,0.0043552254
9.8560701,0.0042028427
9.893617,0.0040553896
9.931164,0.0039127216
9.9687109,0.0037746983
10.006258,0.0036411825
10.043805,0.0035120406
10.081352,0.0033871428
10.118899,0.0032663623
10.156446,0.0031495758
10.193992,0.0030366631
10.231539,0.0029275074
10.269086,0.0028219948
10.306633,0.0027200145
10.34418,0.0026214588
10.381727,0.0025262227
10.419274,0.0024342041
10.456821,0.0023453038
10.494368,0.0022594252
10.531915,0.0021764744
10.569462,0.00209636
10.607009,0.0020189932
10.644556,0.0019442878
10.682103,0.0018721598
10.71965,0.0018025277
10.757196,0.0017353121
10.794743,0.0016704362
10.83229,0.0016078251
10.869837,0.0015474061
10.907384,0.0014891087
10.944931,0.0014328643
10.982478,0.0013786064
11.020025,0.0013262703
11.057572,0.0012757934
11.095119,0.0012271147
11.132666,0.0011801751
11.170213,0.0011349173
11.20776,0.0010912857
11.245307,0.0010492263
11.282854,0.0010086867
11.320401,0.00096961615
11.357947,0.00093196541
11.395494,0.00089568672
11.433041,0.00086073379
11.470588,0.00082706174
11.508135,0.00079462705
11.545682,0.00076338758
11.583229,0.00073330247
11.620776,0.00070433213
11.658323,0.00067643821
11.69587,0.00064958357
11.733417,0.00062373222
11.770964,0.00059884932
11.808511,0.00057490112
11.846058,0.00055185497
11.883605,0.00052967923
11.921151,0.00050834329
11.958698,0.00048781753
11.996245,0.00046807329
12.033792,0.00044908281
12.071339,0.00043081926
12.108886,0.00041325668
12.146433,0.00039636995
12.18398,0.0003801348
12.221527,0.00036452774
12.259074,0.00034952606
12.296621,0.00033510781
12.334168,0.00032125178
12.371715,0.00030793745
12.409262,0.00029514501
12.446809,0.00028285531
12.484355,0.00027104984
12.521902,0.00025971073
12.559449,0.00024882071
12.596996,0.00023836312
12.634543,0.00022832184
12.67209,0.00021868133
12.709637,0.00020942658
12.747184,0.0002005431
12.784731,0.00019201689
12.822278,0.00018383448
12.859825,0.00017598281
12.897372,0.00016844934
12.934919,0.00016122193
12.972466,0.00015428889
13.010013,0.00014763894
13.047559,0.00014126119
13.085106,0.00013514516
13.122653,0.00012928074
13.1602,0.00012365816
13.197747,0.00011826804
13.235294,0.00011310131
13.272841,0.00010814924
13.310388,0.00010340342
13.347935,9.885574e-05
13.385482,9.4498401e-05
13.423029,9.0323879e-05
13.460576,8.632493e-05
13.498123,8.2494578e-05
13.53567,7.8826107e-05
13.573217,7.5313051e-05
13.610763,7.1949185e-05
13.64831,6.8728517e-05
13.685857,6.5645281e-05
13.723404,6.2693928e-05
13.760951,5.9869118e-05
13.798498,5.7165715e-05
13.836045,5.4578778e-05
13.873592,5.2103553e-05
13.911139,4.9735471e-05
13.948686,4.7470135e-05
13.986233,4.5303319e-05
14.02378,4.3230961e-05
14.061327,4.1249155e-05
14.098874,3.9354148e-05
14.136421,3.7542331e-05
14.173967,3.5810238e-05
14.211514,3.4154538e-05
14.249061,3.2572033e-05
14.286608,3.1059647e-05
14.324155,2.9614429e-05
14.361702,2.8233544e-05
14.399249,2.691427e-05
14.436796,2.5653992e-05
14.474343,2.4450203e-05
14.51189,2.3300492e-05
14.549437,2.2202549e-05
14.586984,2.1154155e-05
14.624531,2.0153181e-05
14.662078,1.9197586e-05
14.699625,1.8285409e-05
14.737171,1.7414772e-05
14.774718,1.6583871e-05
14.812265,1.579098e-05
14.849812,1.5034439e-05
14.887359,1.4312661e-05
14.924906,1.3624122e-05
14.962453,1.2967361e-05
15,1.234098e-05
