theta_deg,dW_LT,dW_WNL,dW_UR,dW_H0,dW_H1,dW_H2,dW_H3.5,dW_H5,dW_s0.3,dW_s0.5,dW_s0.7,dW_s1.0,dW_s1.4,dW_s2.0
0.050118723,0.99331691,0.0021018594,4.4587901e-08,0.0021018594,1.1262906e-11,0.0021025452,0.079994991,0.30454584,0.0018575732,0.0020475274,0.0020825349,0.0021018594,0.0021116495,0.0021169406
0.050947725,0.99331691,0.0021018625,4.4594468e-08,0.0021018625,1.1325827e-11,0.0021025483,0.079995008,0.30454586,0.001857576,0.0020475304,0.002082538,0.0021018625,0.0021116526,0.0021169437
0.051790439,0.99331691,0.0021018657,4.4601255e-08,0.0021018657,1.1391201e-11,0.0021025514,0.079995027,0.30454589,0.0018575789,0.0020475335,0.0020825411,0.0021018657,0.0021116558,0.0021169469
0.052647092,0.99331691,0.0021018689,4.460827e-08,0.0021018689,1.1459138e-11,0.0021025547,0.079995046,0.30454591,0.0018575819,0.0020475367,0.0020825443,0.0021018689,0.0021116591,0.0021169502
0.053517914,0.99331692,0.0021018723,4.461552e-08,0.0021018723,1.152975e-11,0.002102558,0.079995065,0.30454594,0.0018575849,0.00204754,0.0020825477,0.0021018723,0.0021116625,0.0021169536
0.054403141,0.99331692,0.0021018758,4.4623012e-08,0.0021018758,1.1603158e-11,0.0021025615,0.079995086,0.30454596,0.0018575881,0.0020475434,0.0020825511,0.0021018758,0.002111666,0.0021169571
0.05530301,0.99331692,0.0021018795,4.4630756e-08,0.0021018795,1.1679489e-11,0.0021025651,0.079995106,0.30454599,0.0018575914,0.002047547,0.0020825547,0.0021018795,0.0021116696,0.0021169607
0.056217763,0.99331693,0.0021018832,4.463876e-08,0.0021018832,1.1758874e-11,0.0021025688,0.079995128,0.30454602,0.0018575948,0.0020475506,0.0020825584,0.0021018832,0.0021116734,0.0021169645
0.057147647,0.99331693,0.0021018871,4.4647033e-08,0.0021018871,1.1841454e-11,0.0021025726,0.07999515,0.30454605,0.0018575983,0.0020475544,0.0020825622,0.0021018871,0.0021116773,0.0021169684
0.058092913,0.99331693,0.0021018911,4.4655582e-08,0.0021018911,1.1927377e-11,0.0021025766,0.079995174,0.30454608,0.0018576019,0.0020475583,0.0020825662,0.0021018911,0.0021116813,0.0021169724
0.059053813,0.99331694,0.0021018952,4.4664419e-08,0.0021018952,1.20168e-11,0.0021025807,0.079995197,0.30454612,0.0018576057,0.0020475623,0.0020825703,0.0021018952,0.0021116854,0.0021169765
0.060030608,0.99331694,0.0021018995,4.4673552e-08,0.0021018995,1.2109887e-11,0.0021025849,0.079995222,0.30454615,0.0018576096,0.0020475665,0.0020825745,0.0021018995,0.0021116897,0.0021169808
0.061023559,0.99331694,0.0021019039,4.4682992e-08,0.0021019039,1.2206812e-11,0.0021025893,0.079995247,0.30454618,0.0018576136,0.0020475708,0.0020825788,0.0021019039,0.0021116941,0.0021169852
0.062032935,0.99331695,0.0021019085,4.4692749e-08,0.0021019085,1.230776e-11,0.0021025938,0.079995274,0.30454622,0.0018576177,0.0020475753,0.0020825833,0.0021019085,0.0021116987,0.0021169898
0.063059007,0.99331695,0.0021019132,4.4702834e-08,0.0021019132,1.2412925e-11,0.0021025985,0.079995301,0.30454626,0.001857622,0.0020475799,0.002082588,0.0021019132,0.0021117034,0.0021169945
0.06410205,0.99331695,0.0021019181,4.4713257e-08,0.0021019181,1.2522515e-11,0.0021026033,0.079995329,0.30454629,0.0018576264,0.0020475846,0.0020825928,0.0021019181,0.0021117083,0.0021169994
0.065162346,0.99331696,0.0021019231,4.472403e-08,0.0021019231,1.2636748e-11,0.0021026083,0.079995358,0.30454633,0.001857631,0.0020475895,0.0020825978,0.0021019231,0.0021117134,0.0021170045
0.066240181,0.99331696,0.0021019283,4.4735166e-08,0.0021019283,1.2755855e-11,0.0021026135,0.079995388,0.30454637,0.0018576357,0.0020475946,0.0020826029,0.0021019283,0.0021117186,0.0021170097
0.067335843,0.99331697,0.0021019337,4.4746676e-08,0.0021019337,1.2880083e-11,0.0021026188,0.079995419,0.30454642,0.0018576406,0.0020475998,0.0020826082,0.0021019337,0.002111724,0.0021170151
0.068449629,0.99331697,0.0021019392,4.4758573e-08,0.0021019392,1.3009693e-11,0.0021026243,0.079995451,0.30454646,0.0018576456,0.0020476053,0.0020826137,0.0021019392,0.0021117295,0.0021170207
0.069581837,0.99331697,0.002101945,4.477087e-08,0.002101945,1.3144962e-11,0.00210263,0.079995484,0.3045465,0.0018576509,0.0020476109,0.0020826194,0.002101945,0.0021117353,0.0021170264
0.070732773,0.99331698,0.0021019509,4.4783581e-08,0.0021019509,1.3286186e-11,0.0021026359,0.079995519,0.30454655,0.0018576563,0.0020476167,0.0020826252,0.0021019509,0.0021117412,0.0021170324
0.071902747,0.99331698,0.002101957,4.479672e-08,0.002101957,1.3433677e-11,0.0021026419,0.079995554,0.3045466,0.0018576618,0.0020476227,0.0020826313,0.002101957,0.0021117474,0.0021170385
0.073092072,0.99331699,0.0021019634,4.4810301e-08,0.0021019634,1.3587771e-11,0.0021026482,0.079995591,0.30454665,0.0018576676,0.0020476288,0.0020826375,0.0021019634,0.0021117537,0.0021170449
0.07430107,0.99331699,0.0021019699,4.482434e-08,0.0021019699,1.3748823e-11,0.0021026547,0.079995628,0.3045467,0.0018576735,0.0020476352,0.002082644,0.0021019699,0.0021117603,0.0021170514
0.075530066,0.993317,0.0021019767,4.4838851e-08,0.0021019767,1.3917213e-11,0.0021026614,0.079995667,0.30454675,0.0018576797,0.0020476418,0.0020826507,0.0021019767,0.002111767,0.0021170582
0.07677939,0.993317,0.0021019837,4.4853852e-08,0.0021019837,1.4093346e-11,0.0021026683,0.079995708,0.30454681,0.001857686,0.0020476487,0.0020826576,0.0021019837,0.002111774,0.0021170652
0.078049379,0.99331701,0.0021019909,4.4869358e-08,0.0021019909,1.4277655e-11,0.0021026755,0.079995749,0.30454686,0.0018576926,0.0020476557,0.0020826647,0.0021019909,0.0021117813,0.0021170724
0.079340375,0.99331702,0.0021019983,4.4885387e-08,0.0021019983,1.4470604e-11,0.0021026829,0.079995792,0.30454692,0.0018576994,0.002047663,0.0020826721,0.0021019983,0.0021117887,0.0021170799
0.080652725,0.99331702,0.002102006,4.4901957e-08,0.002102006,1.4672686e-11,0.0021026906,0.079995837,0.30454698,0.0018577064,0.0020476706,0.0020826797,0.002102006,0.0021117965,0.0021170877
0.081986782,0.99331703,0.002102014,4.4919086e-08,0.002102014,1.4884434e-11,0.0021026985,0.079995883,0.30454704,0.0018577137,0.0020476783,0.0020826876,0.002102014,0.0021118044,0.0021170956
0.083342905,0.99331703,0.0021020222,4.4936793e-08,0.0021020222,1.5106415e-11,0.0021027066,0.07999593,0.30454711,0.0018577211,0.0020476864,0.0020826957,0.0021020222,0.0021118127,0.0021171039
0.084721459,0.99331704,0.0021020307,4.4955099e-08,0.0021020307,1.533924e-11,0.0021027151,0.079995979,0.30454717,0.0018577289,0.0020476947,0.0020827041,0.0021020307,0.0021118212,0.0021171124
0.086122816,0.99331705,0.0021020395,4.4974023e-08,0.0021020395,1.5583565e-11,0.0021027238,0.07999603,0.30454724,0.0018577369,0.0020477033,0.0020827128,0.0021020395,0.00211183,0.0021171213
0.087547352,0.99331705,0.0021020486,4.4993587e-08,0.0021020486,1.5840094e-11,0.0021027328,0.079996083,0.30454731,0.0018577452,0.0020477122,0.0020827218,0.0021020486,0.0021118391,0.0021171304
0.088995452,0.99331706,0.002102058,4.5013812e-08,0.002102058,1.6109586e-11,0.0021027421,0.079996137,0.30454739,0.0018577537,0.0020477214,0.0020827311,0.002102058,0.0021118485,0.0021171398
0.090467503,0.99331707,0.0021020677,4.5034722e-08,0.0021020677,1.6392859e-11,0.0021027518,0.079996193,0.30454746,0.0018577625,0.0020477308,0.0020827406,0.0021020677,0.0021118582,0.0021171495
0.091963904,0.99331707,0.0021020777,4.505634e-08,0.0021020777,1.6690793e-11,0.0021027617,0.079996251,0.30454754,0.0018577717,0.0020477407,0.0020827506,0.0021020777,0.0021118683,0.0021171596
0.093485056,0.99331708,0.002102088,4.507869e-08,0.002102088,1.7004342e-11,0.002102772,0.07999631,0.30454762,0.0018577811,0.0020477508,0.0020827608,0.002102088,0.0021118787,0.0021171699
0.09503137,0.99331709,0.0021020987,4.5101797e-08,0.0021020987,1.7334534e-11,0.0021027827,0.079996372,0.30454771,0.0018577908,0.0020477613,0.0020827714,0.0021020987,0.0021118894,0.0021171807
0.09660326,0.9933171,0.0021021098,4.5125688e-08,0.0021021098,1.7682482e-11,0.0021027936,0.079996436,0.30454779,0.0018578009,0.0020477721,0.0020827823,0.0021021098,0.0021119005,0.0021171918
0.098201151,0.99331711,0.0021021212,4.5150389e-08,0.0021021212,1.8049395e-11,0.002102805,0.079996502,0.30454788,0.0018578113,0.0020477833,0.0020827936,0.0021021212,0.0021119119,0.0021172032
0.099825472,0.99331712,0.002102133,4.5175929e-08,0.002102133,1.843658e-11,0.0021028167,0.07999657,0.30454797,0.0018578221,0.0020477948,0.0020828053,0.002102133,0.0021119237,0.0021172151
0.10147666,0.99331712,0.0021021452,4.5202336e-08,0.0021021452,1.884546e-11,0.0021028288,0.079996641,0.30454807,0.0018578332,0.0020478068,0.0020828174,0.0021021452,0.002111936,0.0021172273
0.10315516,0.99331713,0.0021021578,4.522964e-08,0.0021021578,1.9277583e-11,0.0021028414,0.079996713,0.30454817,0.0018578447,0.0020478191,0.0020828298,0.0021021578,0.0021119486,0.0021172399
0.10486143,0.99331714,0.0021021708,4.5257873e-08,0.0021021708,1.9734632e-11,0.0021028543,0.079996789,0.30454827,0.0018578566,0.0020478318,0.0020828427,0.0021021708,0.0021119616,0.002117253
0.10659591,0.99331715,0.0021021843,4.5287067e-08,0.0021021843,2.0218446e-11,0.0021028677,0.079996866,0.30454837,0.0018578688,0.002047845,0.002082856,0.0021021843,0.0021119751,0.0021172665
0.10835909,0.99331716,0.0021021982,4.5317254e-08,0.0021021982,2.073103e-11,0.0021028815,0.079996947,0.30454848,0.0018578815,0.0020478586,0.0020828698,0.0021021982,0.0021119891,0.0021172805
0.11015143,0.99331717,0.0021022126,4.534847e-08,0.0021022126,2.127458e-11,0.0021028958,0.07999703,0.3045486,0.0018578946,0.0020478727,0.002082884,0.0021022126,0.0021120035,0.0021172949
0.11197342,0.99331718,0.0021022274,4.5380751e-08,0.0021022274,2.18515e-11,0.0021029106,0.079997116,0.30454871,0.0018579082,0.0020478873,0.0020828987,0.0021022274,0.0021120183,0.0021173098
0.11382554,0.99331719,0.0021022428,4.5414132e-08,0.0021022428,2.2464427e-11,0.0021029259,0.079997204,0.30454883,0.0018579222,0.0020479023,0.0020829139,0.0021022428,0.0021120337,0.0021173252
0.1157083,0.99331721,0.0021022586,4.5448654e-08,0.0021022586,2.3116259e-11,0.0021029416,0.079997296,0.30454896,0.0018579366,0.0020479178,0.0020829296,0.0021022586,0.0021120496,0.0021173411
0.11762221,0.99331722,0.002102275,4.5484356e-08,0.002102275,2.3810185e-11,0.0021029579,0.07999739,0.30454908,0.0018579516,0.0020479339,0.0020829459,0.002102275,0.002112066,0.0021173575
0.11956777,0.99331723,0.0021022919,4.5521278e-08,0.0021022919,2.4549722e-11,0.0021029748,0.079997488,0.30454922,0.001857967,0.0020479505,0.0020829626,0.0021022919,0.002112083,0.0021173745
0.12154551,0.99331724,0.0021023094,4.5559465e-08,0.0021023094,2.5338751e-11,0.0021029922,0.079997589,0.30454935,0.001857983,0.0020479676,0.0020829799,0.0021023094,0.0021121005,0.0021173921
0.12355596,0.99331726,0.0021023275,4.5598959e-08,0.0021023275,2.6181569e-11,0.0021030102,0.079997694,0.30454949,0.0018579995,0.0020479853,0.0020829978,0.0021023275,0.0021121187,0.0021174102
0.12559967,0.99331727,0.0021023462,4.5639808e-08,0.0021023462,2.7082937e-11,0.0021030288,0.079997802,0.30454964,0.0018580166,0.0020480037,0.0020830163,0.0021023462,0.0021121374,0.002117429
0.12767718,0.99331728,0.0021023655,4.5682059e-08,0.0021023655,2.8048141e-11,0.002103048,0.079997913,0.30454979,0.0018580342,0.0020480226,0.0020830355,0.0021023655,0.0021121567,0.0021174483
0.12978906,0.9933173,0.0021023854,4.5725761e-08,0.0021023854,2.9083066e-11,0.0021030678,0.079998028,0.30454995,0.0018580524,0.0020480421,0.0020830552,0.0021023854,0.0021121767,0.0021174684
0.13193587,0.99331731,0.002102406,4.5770966e-08,0.002102406,3.0194269e-11,0.0021030884,0.079998147,0.30455011,0.0018580712,0.0020480623,0.0020830756,0.002102406,0.0021121974,0.002117489
0.13411819,0.99331733,0.0021024273,4.5817727e-08,0.0021024273,3.1389079e-11,0.0021031096,0.079998271,0.30455027,0.0018580907,0.0020480832,0.0020830967,0.0021024273,0.0021122187,0.0021175104
0.1363366,0.99331734,0.0021024493,4.58661e-08,0.0021024493,3.2675703e-11,0.0021031315,0.079998398,0.30455045,0.0018581108,0.0020481048,0.0020831186,0.0021024493,0.0021122408,0.0021175325
0.13859171,0.99331736,0.002102472,4.5916141e-08,0.002102472,3.406335e-11,0.0021031541,0.079998529,0.30455062,0.0018581315,0.0020481271,0.0020831411,0.002102472,0.0021122636,0.0021175553
0.14088413,0.99331737,0.0021024955,4.5967909e-08,0.0021024955,3.5562381e-11,0.0021031775,0.079998665,0.30455081,0.001858153,0.0020481501,0.0020831644,0.0021024955,0.0021122871,0.0021175789
0.14321445,0.99331739,0.0021025198,4.6021468e-08,0.0021025198,3.7184478e-11,0.0021032017,0.079998805,0.304551,0.0018581752,0.002048174,0.0020831884,0.0021025198,0.0021123115,0.0021176033
0.14558333,0.99331741,0.0021025449,4.6076881e-08,0.0021025449,3.894285e-11,0.0021032267,0.07999895,0.30455119,0.0018581981,0.0020481986,0.0020832133,0.0021025449,0.0021123366,0.0021176285
0.14799139,0.99331743,0.0021025708,4.6134214e-08,0.0021025708,4.0852469e-11,0.0021032525,0.0799991,0.3045514,0.0018582218,0.002048224,0.002083239,0.0021025708,0.0021123626,0.0021176545
0.15043928,0.99331745,0.0021025976,4.6193536e-08,0.0021025976,4.2930352e-11,0.0021032792,0.079999255,0.30455161,0.0018582463,0.0020482503,0.0020832656,0.0021025976,0.0021123895,0.0021176814
0.15292766,0.99331746,0.0021026253,4.6254919e-08,0.0021026253,4.5195896e-11,0.0021033068,0.079999415,0.30455182,0.0018582716,0.0020482774,0.002083293,0.0021026253,0.0021124172,0.0021177092
0.1554572,0.99331748,0.0021026539,4.6318438e-08,0.0021026539,4.7671275e-11,0.0021033353,0.07999958,0.30455205,0.0018582977,0.0020483055,0.0020833214,0.0021026539,0.0021124459,0.0021177379
0.15802857,0.99331751,0.0021026835,4.638417e-08,0.0021026835,5.0381919e-11,0.0021033647,0.079999751,0.30455228,0.0018583248,0.0020483345,0.0020833507,0.0021026835,0.0021124755,0.0021177676
0.16064249,0.99331753,0.002102714,4.6452195e-08,0.002102714,5.3357082e-11,0.0021033952,0.079999928,0.30455252,0.0018583527,0.0020483645,0.002083381,0.002102714,0.0021125062,0.0021177982
0.16329963,0.99331755,0.0021027456,4.6522597e-08,0.0021027456,5.6630533e-11,0.0021034266,0.08000011,0.30455276,0.0018583815,0.0020483955,0.0020834123,0.0021027456,0.0021125378,0.0021178299
0.16600073,0.99331757,0.0021027782,4.6595463e-08,0.0021027782,6.024139e-11,0.0021034591,0.080000299,0.30455302,0.0018584114,0.0020484275,0.0020834446,0.0021027782,0.0021125705,0.0021178627
0.16874651,0.99331759,0.0021028119,4.6670883e-08,0.0021028119,6.4235127e-11,0.0021034927,0.080000493,0.30455328,0.0018584422,0.0020484606,0.002083478,0.0021028119,0.0021126043,0.0021178965
0.1715377,0.99331762,0.0021028468,4.674895e-08,0.0021028468,6.866482e-11,0.0021035275,0.080000695,0.30455355,0.001858474,0.0020484948,0.0020835126,0.0021028468,0.0021126392,0.0021179315
0.17437507,0.99331764,0.0021028827,4.6829763e-08,0.0021028827,7.359266e-11,0.0021035633,0.080000903,0.30455384,0.0018585069,0.0020485301,0.0020835483,0.0021028827,0.0021126753,0.0021179676
0.17725936,0.99331767,0.0021029199,4.6913422e-08,0.0021029199,7.9091825e-11,0.0021036004,0.080001118,0.30455413,0.001858541,0.0020485666,0.0020835852,0.0021029199,0.0021127126,0.0021180049
0.18019137,0.9933177,0.0021029584,4.7000033e-08,0.0021029584,8.5248809e-11,0.0021036387,0.08000134,0.30455443,0.0018585761,0.0020486043,0.0020836233,0.0021029584,0.0021127511,0.0021180435
0.18317187,0.99331772,0.0021029981,4.7089706e-08,0.0021029981,9.2166314e-11,0.0021036783,0.080001569,0.30455474,0.0018586124,0.0020486433,0.0020836627,0.0021029981,0.0021127909,0.0021180834
0.18620167,0.99331775,0.0021030391,4.7182556e-08,0.0021030391,9.9966886e-11,0.0021037192,0.080001806,0.30455506,0.00185865,0.0020486836,0.0020837034,0.0021030391,0.0021128321,0.0021181246
0.18928158,0.99331778,0.0021030815,4.7278701e-08,0.0021030815,1.0879751e-10,0.0021037615,0.080002052,0.30455539,0.0018586888,0.0020487253,0.0020837454,0.0021030815,0.0021128746,0.0021181672
0.19241244,0.99331781,0.0021031254,4.7378265e-08,0.0021031254,1.1883543e-10,0.0021038052,0.080002305,0.30455573,0.0018587289,0.0020487683,0.0020837889,0.0021031254,0.0021129186,0.0021182111
0.19559509,0.99331784,0.0021031706,4.7481378e-08,0.0021031706,1.3029563e-10,0.0021038504,0.080002567,0.30455609,0.0018587703,0.0020488127,0.0020838338,0.0021031706,0.002112964,0.0021182566
0.19883038,0.99331787,0.0021032174,4.7588172e-08,0.0021032174,1.4344045e-10,0.002103897,0.080002837,0.30455645,0.0018588131,0.0020488587,0.0020838803,0.0021032174,0.0021130109,0.0021183036
0.20211919,0.99331791,0.0021032658,4.769879e-08,0.0021032658,1.5859206e-10,0.0021039453,0.080003117,0.30455683,0.0018588574,0.0020489062,0.0020839282,0.0021032658,0.0021130594,0.0021183521
0.20546239,0.99331794,0.0021033158,4.7813375e-08,0.0021033158,1.7614886e-10,0.0021039951,0.080003405,0.30455722,0.0018589031,0.0020489553,0.0020839778,0.0021033158,0.0021131095,0.0021184023
0.20886089,0.99331798,0.0021033674,4.7932081e-08,0.0021033674,1.9660707e-10,0.0021040466,0.080003704,0.30455763,0.0018589503,0.002049006,0.002084029,0.0021033674,0.0021131612,0.0021184542
0.21231561,0.99331801,0.0021034208,4.8055067e-08,0.0021034208,2.205896e-10,0.0021040998,0.080004012,0.30455804,0.0018589992,0.0020490584,0.002084082,0.0021034208,0.0021132147,0.0021185077
0.21582747,0.99331805,0.0021034759,4.8182497e-08,0.0021034759,2.4888486e-10,0.0021041548,0.080004331,0.30455847,0.0018590496,0.0020491126,0.0020841367,0.0021034759,0.00211327,0.0021185631
0.21939742,0.99331809,0.0021035329,4.8314543e-08,0.0021035329,2.8249955e-10,0.0021042117,0.08000466,0.30455892,0.0018591018,0.0020491685,0.0020841933,0.0021035329,0.0021133271,0.0021186203
0.22302642,0.99331813,0.0021035918,4.8451387e-08,0.0021035918,3.2273148e-10,0.0021042704,0.080005001,0.30455938,0.0018591557,0.0020492264,0.0020842517,0.0021035918,0.0021133862,0.0021186794
0.22671544,0.99331817,0.0021036526,4.8593217e-08,0.0021036526,3.7127078e-10,0.0021043311,0.080005352,0.30455986,0.0018592114,0.0020492861,0.0020843121,0.0021036526,0.0021134472,0.0021187405
0.23046549,0.99331821,0.0021037155,4.8740228e-08,0.0021037155,4.3034289e-10,0.0021043938,0.080005716,0.30456035,0.0018592689,0.0020493479,0.0020843745,0.0021037155,0.0021135102,0.0021188036
0.23427756,0.99331825,0.0021037805,4.8892625e-08,0.0021037805,5.0291316e-10,0.0021044586,0.080006091,0.30456086,0.0018593284,0.0020494117,0.002084439,0.0021037805,0.0021135754,0.0021188689
0.23815269,0.9933183,0.0021038476,4.9050624e-08,0.0021038476,5.9298413e-10,0.0021045256,0.080006479,0.30456138,0.0018593899,0.0020494777,0.0020845056,0.0021038476,0.0021136427,0.0021189363
0.24209191,0.99331835,0.002103917,4.9214447e-08,0.002103917,7.0603461e-10,0.0021045949,0.08000688,0.30456192,0.0018594534,0.0020495459,0.0020845745,0.002103917,0.0021137123,0.002119006
0.2460963,0.9933184,0.0021039887,4.938433e-08,0.0021039887,8.4968003e-10,0.0021046664,0.080007295,0.30456248,0.0018595191,0.0020496163,0.0020846456,0.0021039887,0.0021137842,0.0021190779
0.25016691,0.99331845,0.0021040628,4.9560516e-08,0.0021040628,1.0346851e-09,0.0021047403,0.080007723,0.30456306,0.0018595869,0.0020496891,0.0020847192,0.0021040628,0.0021138585,0.0021191523
0.25430486,0.9933185,0.0021041394,4.9743264e-08,0.0021041394,1.2765502e-09,0.0021048168,0.080008165,0.30456366,0.001859657,0.0020497644,0.0020847952,0.0021041394,0.0021139352,0.0021192292
0.25851126,0.99331855,0.0021042185,4.9932839e-08,0.0021042185,1.5980573e-09,0.0021048957,0.080008622,0.30456428,0.0018597295,0.0020498421,0.0020848737,0.0021042185,0.0021140146,0.0021193087
0.26278723,0.9933186,0.0021043003,5.0129525e-08,0.0021043003,2.0334623e-09,0.0021049773,0.080009095,0.30456492,0.0018598043,0.0020499225,0.0020849549,0.0021043003,0.0021140965,0.0021193908
0.26713393,0.99331866,0.0021043848,5.0333614e-08,0.0021043848,2.6356065e-09,0.0021050616,0.080009583,0.30456558,0.0018598817,0.0020500055,0.0020850388,0.0021043848,0.0021141813,0.0021194756
0.27155252,0.99331872,0.0021044721,5.0545416e-08,0.0021044721,3.4883806e-09,0.0021051488,0.080010088,0.30456626,0.0018599617,0.0020500913,0.0020851254,0.0021044721,0.0021142688,0.0021195633
0.27604421,0.99331878,0.0021045623,5.0765253e-08,0.0021045623,4.729398e-09,0.0021052388,0.080010609,0.30456697,0.0018600443,0.00205018,0.002085215,0.0021045623,0.0021143593,0.0021196539
0.28061019,0.99331884,0.0021046555,5.0993466e-08,0.0021046555,6.593024e-09,0.0021053319,0.080011148,0.3045677,0.0018601297,0.0020502717,0.0020853076,0.0021046555,0.0021144528,0.0021197475
0.28525169,0.99331891,0.0021047519,5.1230408e-08,0.0021047519,9.4961171e-09,0.0021054281,0.080011705,0.30456845,0.001860218,0.0020503664,0.0020854033,0.0021047519,0.0021145494,0.0021198442
0.28996997,0.99331897,0.0021048515,5.1476455e-08,0.0021048515,1.4218855e-08,0.0021055275,0.08001228,0.30456923,0.0018603092,0.0020504642,0.0020855021,0.0021048515,0.0021146492,0.0021199442
0.29476629,0.99331904,0.0021049544,5.1731997e-08,0.0021049544,2.231251e-08,0.0021056302,0.080012874,0.30457003,0.0018604035,0.0020505654,0.0020856043,0.0021049544,0.0021147524,0.0021200475
0.29964195,0.99331911,0.0021050607,5.1997448e-08,0.0021050607,3.7095888e-08,0.0021057363,0.080013489,0.30457086,0.0018605009,0.0020506699,0.0020857099,0.0021050607,0.002114859,0.0021201543
0.30459825,0.99331919,0.0021051706,5.2273241e-08,0.0021051706,6.6341611e-08,0.002105846,0.080014124,0.30457172,0.0018606015,0.0020507779,0.002085819,0.0021051706,0.0021149692,0.0021202647
0.30963654,0.99331926,0.0021052841,5.255983e-08,0.0021052841,1.3046836e-07,0.0021059594,0.08001478,0.30457261,0.0018607056,0.0020508896,0.0020859317,0.0021052841,0.0021150831,0.0021203787
0.31475816,0.99331934,0.0021054015,5.2857696e-08,0.0021054015,2.9186076e-07,0.0021060766,0.080015457,0.30457353,0.0018608131,0.0020510049,0.0020860483,0.0021054015,0.0021152007,0.0021204965
0.3199645,0.99331942,0.0021055228,5.3167342e-08,0.0021055228,7.8532914e-07,0.0021061976,0.080016158,0.30457448,0.0018609242,0.0020511241,0.0020861687,0.0021055228,0.0021153223,0.0021206183
0.32525695,0.9933195,0.0021056481,5.3489301e-08,0.0021056481,2.8156773e-06,0.0021063228,0.080016882,0.30457546,0.001861039,0.0020512473,0.0020862931,0.0021056481,0.002115448,0.0021207441
0.33063694,0.99331959,0.0021057776,5.3824132e-08,0.0021057776,1.6774297e-05,0.0021064521,0.08001763,0.30457647,0.0018611577,0.0020513747,0.0020864217,0.0021057776,0.0021155779,0.0021208742
0.33610593,0.99331968,0.0021059114,5.4172425e-08,0.0021059114,0.00031507765,0.0021065857,0.080018403,0.30457751,0.0018612803,0.0020515063,0.0020865546,0.0021059114,0.0021157121,0.0021210086
0.34166537,0.99331977,0.0021060497,5.4534805e-08,0.0021060497,0.69306691,0.0021067238,0.080019202,0.30457859,0.001861407,0.0020516422,0.002086692,0.0021060497,0.0021158507,0.0021211474
0.34731678,0.99331986,0.0021061927,5.4911929e-08,0.0021061927,0.026660022,0.0021068665,0.080020027,0.30457971,0.001861538,0.0020517828,0.0020868339,0.0021061927,0.0021159941,0.002121291
0.35306166,0.99331996,0.0021063404,5.5304491e-08,0.0021063404,0.0022883878,0.002107014,0.08002088,0.30458086,0.0018616734,0.002051928,0.0020869806,0.0021063404,0.0021161422,0.0021214393
0.35890156,0.99332006,0.002106493,5.5713225e-08,0.002106493,0.00039235641,0.0021071664,0.080021762,0.30458206,0.0018618133,0.0020520781,0.0020871322,0.002106493,0.0021162952,0.0021215926
0.36483807,0.99332017,0.0021066507,5.6138909e-08,0.0021066507,1,0.0021073239,0.080022672,0.30458329,0.0018619578,0.0020522332,0.0020872889,0.0021066507,0.0021164534,0.002121751
0.37087276,0.99332027,0.0021068138,5.6582363e-08,0.0021068138,7.3990729e-05,0.0021074867,0.080023614,0.30458456,0.0018621072,0.0020523935,0.0020874508,0.0021068138,0.0021166168,0.0021219147
0.37700728,0.99332038,0.0021069822,5.7044457e-08,0.0021069822,0.00032679308,0.002107655,0.080024586,0.30458588,0.0018622616,0.0020525592,0.0020876181,0.0021069822,0.0021167858,0.0021220838
0.38324326,0.9933205,0.0021071563,5.7526115e-08,0.0021071563,0.0013262302,0.0021078288,0.080025591,0.30458724,0.0018624212,0.0020527304,0.0020877911,0.0021071563,0.0021169603,0.0021222586
0.3895824,0.99332062,0.0021073362,5.8028312e-08,0.0021073362,1.8242264e-05,0.0021080085,0.08002663,0.30458864,0.0018625861,0.0020529073,0.0020879698,0.0021073362,0.0021171407,0.0021224393
0.39602638,0.99332074,0.0021075222,5.8552086e-08,0.0021075222,5.2682436e-06,0.0021081942,0.080027703,0.30459009,0.0018627566,0.0020530902,0.0020881544,0.0021075222,0.0021173272,0.002122626
0.40257696,0.99332087,0.0021077143,5.9098539e-08,0.0021077143,0.00015224533,0.0021083861,0.080028812,0.3045916,0.0018629327,0.0020532791,0.0020883453,0.0021077143,0.0021175199,0.002122819
0.40923588,0.993321,0.0021079129,5.9668841e-08,0.0021079129,0.0032686537,0.0021085845,0.080029959,0.30459315,0.0018631147,0.0020534744,0.0020885426,0.0021079129,0.002117719,0.0021230184
0.41600495,0.99332113,0.0021081181,6.0264236e-08,0.0021081181,3.1034766e-05,0.0021087895,0.080031143,0.30459475,0.0018633029,0.0020536763,0.0020887464,0.0021081181,0.0021179248,0.0021232245
0.42288599,0.99332127,0.0021083302,6.0886048e-08,0.0021083302,1.6034121e-06,0.0021090013,0.080032367,0.3045964,0.0018634973,0.0020538849,0.0020889571,0.0021083302,0.0021181374,0.0021234374
0.42988084,0.99332141,0.0021085494,6.1535688e-08,0.0021085494,6.3123779e-07,0.0021092202,0.080033632,0.30459811,0.0018636982,0.0020541004,0.0020891748,0.0021085494,0.0021183572,0.0021236575
0.4369914,0.99332156,0.0021087759,6.2214659e-08,0.0021087759,3.4291651e-06,0.0021094465,0.080034938,0.30459988,0.0018639059,0.0020543232,0.0020893998,0.0021087759,0.0021185843,0.002123885
0.44421956,0.99332171,0.0021090099,6.2924566e-08,0.0021090099,0.00018724798,0.0021096803,0.080036289,0.30460171,0.0018641205,0.0020545535,0.0020896324,0.0021090099,0.0021188191,0.0021241201
0.45156729,0.99332187,0.0021092519,6.3667121e-08,0.0021092519,0.058787283,0.002109922,0.080037685,0.3046036,0.0018643423,0.0020547915,0.0020898727,0.0021092519,0.0021190616,0.002124363
0.45903655,0.99332204,0.0021095019,6.4444153e-08,0.0021095019,3.0854781e-05,0.0021101717,0.080039127,0.30460555,0.0018645716,0.0020550374,0.0020901211,0.0021095019,0.0021193123,0.0021246141
0.46662937,0.9933222,0.0021097603,6.5257621e-08,0.0021097603,1.2452782e-06,0.0021104299,0.080040617,0.30460756,0.0018648085,0.0020552916,0.0020903778,0.0021097603,0.0021195714,0.0021248736
0.47434777,0.99332238,0.0021100273,6.6109619e-08,0.0021100273,1.9866615e-07,0.0021106966,0.080042157,0.30460965,0.0018650534,0.0020555542,0.0020906431,0.0021100273,0.0021198392,0.0021251417
0.48219384,0.99332256,0.0021103033,6.7002393e-08,0.0021103033,9.96514e-08,0.0021109724,0.080043749,0.3046118,0.0018653064,0.0020558257,0.0020909173,0.0021103033,0.002120116,0.0021254189
0.49016969,0.99332274,0.0021105885,6.7938352e-08,0.0021105885,2.3053941e-07,0.0021112573,0.080045393,0.30461402,0.001865568,0.0020561063,0.0020912007,0.0021105885,0.002120402,0.0021257053
0.49827746,0.99332294,0.0021108833,6.8920081e-08,0.0021108833,1.4385546e-06,0.0021115518,0.080047093,0.30461632,0.0018658383,0.0020563963,0.0020914936,0.0021108833,0.0021206976,0.0021260013
0.50651935,0.99332313,0.0021111879,6.995036e-08,0.0021111879,2.5443711e-05,0.0021118562,0.080048849,0.3046187,0.0018661177,0.002056696,0.0020917963,0.0021111879,0.002121003,0.0021263073
0.51489756,0.99332334,0.0021115028,7.1032178e-08,0.0021115028,0.00036092053,0.0021121708,0.080050664,0.30462115,0.0018664064,0.0020570058,0.0020921091,0.0021115028,0.0021213188,0.0021266235
0.52341435,0.99332355,0.0021118282,7.2168756e-08,0.0021118282,3.641859e-05,0.0021124959,0.080052539,0.30462369,0.0018667049,0.0020573259,0.0020924324,0.0021118282,0.0021216451,0.0021269503
0.53207202,0.99332377,0.0021121645,7.3363566e-08,0.0021121645,1.5775073e-06,0.0021128319,0.080054477,0.30462631,0.0018670133,0.0020576568,0.0020927666,0.0021121645,0.0021219823,0.002127288
0.54087289,0.99332399,0.0021125121,7.4620356e-08,0.0021125121,1.9818231e-07,0.0021131792,0.08005648,0.30462902,0.0018673321,0.0020579988,0.002093112,0.0021125121,0.0021223308,0.0021276371
0.54981934,0.99332423,0.0021128713,7.5943175e-08,0.0021128713,4.7101803e-08,0.0021135381,0.080058549,0.30463182,0.0018676616,0.0020583522,0.0020934689,0.0021128713,0.0021226911,0.0021279978
0.55891377,0.99332447,0.0021132426,7.7336406e-08,0.0021132426,2.0340724e-08,0.0021139091,0.080060688,0.30463471,0.0018680021,0.0020587175,0.0020938379,0.0021132426,0.0021230634,0.0021283707
0.56815862,0.99332472,0.0021136263,7.8804794e-08,0.0021136263,2.1400008e-08,0.0021142925,0.080062898,0.3046377,0.0018683541,0.0020590951,0.0020942192,0.0021136263,0.0021234482,0.002128756
0.57755639,0.99332497,0.0021140229,8.0353488e-08,0.0021140229,5.0398337e-08,0.0021146888,0.080065181,0.30464079,0.0018687179,0.0020594853,0.0020946133,0.0021140229,0.0021238459,0.0021291543
0.58710961,0.99332524,0.0021144328,8.1988078e-08,0.0021144328,2.0067858e-07,0.0021150984,0.080067541,0.30464398,0.0018690939,0.0020598886,0.0020950206,0.0021144328,0.0021242569,0.002129566
0.59682085,0.99332551,0.0021148565,8.3714644e-08,0.0021148565,1.5370554e-06,0.0021155218,0.08006998,0.30464728,0.0018694825,0.0020603055,0.0020954416,0.0021148565,0.0021246817,0.0021299914
0.60669271,0.9933258,0.0021152943,8.5539806e-08,0.0021152943,5.7022471e-05,0.0021159594,0.0800725,0.30465068,0.0018698842,0.0020607364,0.0020958767,0.0021152943,0.0021251208,0.0021304312
0.61672787,0.99332609,0.0021157469,8.7470783e-08,0.0021157469,0.0010527423,0.0021164116,0.080075104,0.3046542,0.0018702994,0.0020611817,0.0020963265,0.0021157469,0.0021255747,0.0021308857
0.62692901,0.99332639,0.0021162147,8.9515459e-08,0.0021162147,1.6173049e-05,0.0021168791,0.080077796,0.30465784,0.0018707285,0.002061642,0.0020967914,0.0021162147,0.0021260437,0.0021313555
0.63729889,0.9933267,0.0021166982,9.1682453e-08,0.0021166982,7.1148044e-07,0.0021173622,0.080080577,0.3046616,0.0018711721,0.0020621178,0.0020972718,0.0021166982,0.0021265286,0.002131841
0.6478403,0.99332702,0.0021171979,9.3981211e-08,0.0021171979,1.0167966e-07,0.0021178616,0.080083451,0.30466549,0.0018716306,0.0020626096,0.0020977685,0.0021171979,0.0021270297,0.0021323429
0.65855606,0.99332736,0.0021177144,9.6422091e-08,0.0021177144,2.4789599e-08,0.0021183778,0.080086421,0.30466951,0.0018721045,0.0020631179,0.0020982818,0.0021177144,0.0021275476,0.0021328616
0.66944908,0.9933277,0.0021182483,9.9016477e-08,0.0021182483,8.5954978e-09,0.0021189114,0.08008949,0.30467366,0.0018725943,0.0020636432,0.0020988124,0.0021182483,0.002128083,0.0021333978
0.68052227,0.99332806,0.0021188001,1.017769e-07,0.0021188001,4.3501785e-09,0.0021194629,0.080092661,0.30467794,0.0018731006,0.0020641863,0.0020993608,0.0021188001,0.0021286364,0.002133952
0.69177862,0.99332842,0.0021193705,1.0471717e-07,0.0021193705,3.7957235e-09,0.0021200329,0.080095939,0.30468238,0.001873624,0.0020647476,0.0020999277,0.0021193705,0.0021292083,0.0021345248
0.70322116,0.9933288,0.00211996,1.0785256e-07,0.00211996,5.8412094e-09,0.0021206222,0.080099326,0.30468695,0.0018741649,0.0020653279,0.0021005136,0.00211996,0.0021297995,0.0021351169
0.71485297,0.99332919,0.0021205694,1.1119995e-07,0.0021205694,1.3258054e-08,0.0021212312,0.080102826,0.30469169,0.0018747241,0.0020659276,0.0021011193,0.0021205694,0.0021304106,0.0021357289
0.72667718,0.9933296,0.0021211993,1.1477806e-07,0.0021211993,4.0789523e-08,0.0021218608,0.080106443,0.30469658,0.0018753022,0.0020665476,0.0021017453,0.0021211993,0.0021310423,0.0021363615
0.73869696,0.99333001,0.0021218504,1.186077e-07,0.0021218504,1.8533381e-07,0.0021225116,0.08011018,0.30470163,0.0018758997,0.0020671884,0.0021023925,0.0021218504,0.0021316952,0.0021370154
0.75091557,0.99333045,0.0021225235,1.2271203e-07,0.0021225235,1.7004877e-06,0.0021231843,0.080114043,0.30470685,0.0018765173,0.0020678508,0.0021030614,0.0021225235,0.0021323701,0.0021376913
0.76333628,0.99333089,0.0021232192,1.2711687e-07,0.0021232192,8.484178e-05,0.0021238796,0.080118035,0.30471225,0.0018771558,0.0020685356,0.0021037529,0.0021232192,0.0021330678,0.00213839
0.77596244,0.99333135,0.0021239384,1.3185112e-07,0.0021239384,0.0004193641,0.0021245984,0.080122159,0.30471782,0.0018778158,0.0020692434,0.0021044677,0.0021239384,0.002133789,0.0021391123
0.78879744,0.99333183,0.0021246818,1.3694715e-07,0.0021246818,3.9495649e-06,0.0021253415,0.080126422,0.30472358,0.0018784981,0.0020699751,0.0021052066,0.0021246818,0.0021345344,0.0021398589
0.80184474,0.99333232,0.0021254502,1.4244131e-07,0.0021254502,2.6211175e-07,0.0021261096,0.080130827,0.30472954,0.0018792034,0.0020707315,0.0021059705,0.0021254502,0.0021353051,0.0021406306
0.81510786,0.99333282,0.0021262446,1.4837455e-07,0.0021262446,4.4179936e-08,0.0021269036,0.080135379,0.30473569,0.0018799325,0.0020715134,0.0021067601,0.0021262446,0.0021361017,0.0021414285
0.82859036,0.99333335,0.0021270658,1.5479309e-07,0.0021270658,1.1649126e-08,0.0021277245,0.080140084,0.30474205,0.0018806863,0.0020723217,0.0021075763,0.0021270658,0.0021369252,0.0021422532
0.84229587,0.99333389,0.0021279148,1.6174925e-07,0.0021279148,4.0573969e-09,0.0021285731,0.080144945,0.30474862,0.0018814655,0.0020731574,0.0021084202,0.0021279148,0.0021377765,0.0021431058
0.85622808,0.99333445,0.0021287924,1.6930241e-07,0.0021287924,1.7647758e-09,0.0021294503,0.080149969,0.30475541,0.001882271,0.0020740212,0.0021092925,0.0021287924,0.0021386565,0.0021439871
0.87039074,0.99333503,0.0021296996,1.7752018e-07,0.0021296996,9.8651623e-10,0.0021303572,0.080155161,0.30476242,0.0018831039,0.0020749143,0.0021101943,0.0021296996,0.0021395663,0.0021448983
0.88478766,0.99333562,0.0021306376,1.8647975e-07,0.0021306376,7.7926185e-10,0.0021312948,0.080160527,0.30476967,0.0018839648,0.0020758376,0.0021111267,0.0021306376,0.0021405069,0.0021458403
0.89942271,0.99333624,0.0021316072,1.962695e-07,0.0021316072,9.1397948e-10,0.002132264,0.080166071,0.30477717,0.001884855,0.0020767921,0.0021120905,0.0021316072,0.0021414792,0.0021468141
0.91429984,0.99333688,0.0021326097,2.0699103e-07,0.0021326097,1.4724396e-09,0.0021332661,0.080171801,0.30478491,0.0018857753,0.0020777789,0.002113087,0.0021326097,0.0021424845,0.0021478209
0.92942305,0.99333753,0.002133646,2.1876147e-07,0.002133646,2.9588119e-09,0.0021343021,0.080177723,0.30479291,0.0018867267,0.0020787992,0.0021141173,0.002133646,0.0021435238,0.0021488617
0.94479641,0.99333821,0.0021347175,2.3171633e-07,0.0021347175,7.2163113e-09,0.0021353733,0.080183842,0.30480118,0.0018877105,0.002079854,0.0021151824,0.0021347175,0.0021445982,0.0021499378
0.96042405,0.99333892,0.0021358253,2.4601305e-07,0.0021358253,2.2303297e-08,0.0021364807,0.080190166,0.30480972,0.0018887276,0.0020809446,0.0021162836,0.0021358253,0.0021457091,0.0021510504
0.97631019,0.99333964,0.0021369707,2.6183516e-07,0.0021369707,9.8675736e-08,0.0021376257,0.080196702,0.30481855,0.0018897792,0.0020820721,0.0021174222,0.0021369707,0.0021468577,0.0021522006
0.9924591,0.99334039,0.0021381549,2.7939759e-07,0.0021381549,8.0371311e-07,0.0021388095,0.080203455,0.30482767,0.0018908665,0.002083238,0.0021185994,0.0021381549,0.0021480452,0.0021533899
1.0088751,0.99334116,0.0021393793,2.9895304e-07,0.0021393793,1.1323624e-05,0.0021400335,0.080210435,0.3048371,0.0018919908,0.0020844434,0.0021198166,0.0021393793,0.002149273,0.0021546196
1.0255627,0.99334196,0.0021406453,3.2080004e-07,0.0021406453,1.1990966e-05,0.0021412991,0.080217648,0.30484684,0.0018931533,0.0020856898,0.0021210752,0.0021406453,0.0021505425,0.002155891
1.0425263,0.99334279,0.0021419543,3.4529289e-07,0.0021419543,1.6567683e-06,0.0021426077,0.080225103,0.30485691,0.0018943553,0.0020869785,0.0021223765,0.0021419543,0.0021518552,0.0021572057
1.0597704,0.99334364,0.0021433078,3.7285427e-07,0.0021433078,1.4387195e-07,0.0021439609,0.080232806,0.30486731,0.0018955983,0.0020883111,0.002123722,0.0021433078,0.0021532125,0.002158565
1.0772998,0.99334452,0.0021447073,4.0399107e-07,0.0021447073,2.4991478e-08,0.0021453601,0.080240768,0.30487806,0.0018968836,0.0020896891,0.0021251134,0.0021447073,0.0021546159,0.0021599706
1.0951192,0.99334543,0.0021461545,4.3931461e-07,0.0021461545,6.6229876e-09,0.0021468069,0.080248995,0.30488917,0.0018982127,0.002091114,0.0021265522,0.0021461545,0.0021560672,0.002161424
1.1132333,0.99334637,0.002147651,4.7956657e-07,0.002147651,2.2807321e-09,0.002148303,0.080257498,0.30490065,0.0018995872,0.0020925875,0.00212804,0.002147651,0.0021575679,0.002162927
1.131647,0.99334735,0.0021491986,5.2565248e-07,0.0021491986,9.4408019e-10,0.0021498502,0.080266286,0.30491252,0.0019010085,0.0020941112,0.0021295785,0.0021491986,0.0021591197,0.0021644811
1.1503653,0.99334835,0.0021507989,5.7868538e-07,0.0021507989,4.5558754e-10,0.0021514501,0.080275367,0.30492478,0.0019024785,0.0020956869,0.0021311695,0.0021507989,0.0021607245,0.0021660884
1.1693932,0.99334939,0.0021524539,6.4004311e-07,0.0021524539,2.587762e-10,0.0021531047,0.080284752,0.30493745,0.0019039986,0.0020973165,0.0021328149,0.0021524539,0.0021623841,0.0021677504
1.1887358,0.99335046,0.0021541654,7.1144441e-07,0.0021541654,1.8148681e-10,0.0021548159,0.080294452,0.30495054,0.0019055708,0.0020990018,0.0021345165,0.0021541654,0.0021641004,0.0021694693
1.2083984,0.99335156,0.0021559355,7.9505074e-07,0.0021559355,1.660224e-10,0.0021565856,0.080304476,0.30496407,0.0019071969,0.0021007448,0.0021362763,0.0021559355,0.0021658754,0.002171247
1.2283863,0.99335271,0.0021577661,8.9360409e-07,0.0021577661,1.9828707e-10,0.0021584159,0.080314835,0.30497805,0.0019088786,0.0021025474,0.0021380964,0.0021577661,0.0021677111,0.0021730855
1.2487047,0.99335389,0.0021596595,1.0106156e-06,0.0021596595,2.9190694e-10,0.0021603088,0.080325542,0.3049925,0.0019106181,0.0021044118,0.0021399788,0.0021596595,0.0021696098,0.002174987
1.2693592,0.99335511,0.0021616177,1.1506267e-06,0.0021616177,5.0033006e-10,0.0021622667,0.080336607,0.30500743,0.0019124173,0.0021063402,0.0021419258,0.0021616177,0.0021715735,0.0021769536
1.2903554,0.99335637,0.0021636432,1.3195755e-06,0.0021636432,9.7583463e-10,0.0021642918,0.080348042,0.30502286,0.0019142783,0.0021083348,0.0021439397,0.0021636432,0.0021736046,0.0021789878
1.3116988,0.99335767,0.0021657382,1.5253184e-06,0.0021657382,2.1887816e-09,0.0021663865,0.080359861,0.3050388,0.0019162033,0.0021103979,0.0021460227,0.0021657382,0.0021757055,0.0021810918
1.3333953,0.99335901,0.0021679053,1.7783825e-06,0.0021679053,5.8828882e-09,0.0021685532,0.080372075,0.30505528,0.0019181947,0.0021125321,0.0021481774,0.0021679053,0.0021778786,0.0021832682
1.3554507,0.9933604,0.002170147,2.0930714e-06,0.002170147,2.0558618e-08,0.0021707946,0.080384698,0.3050723,0.0019202546,0.0021147397,0.0021504062,0.002170147,0.0021801264,0.0021855194
1.3778708,0.99336184,0.0021724658,2.4891169e-06,0.0021724658,1.0974474e-07,0.0021731131,0.080397745,0.3050899,0.0019223857,0.0021170234,0.0021527119,0.0021724658,0.0021824518,0.0021878483
1.4006619,0.99336332,0.0021748647,2.9941966e-06,0.0021748647,1.3376049e-06,0.0021755116,0.080411229,0.30510808,0.0019245904,0.0021193859,0.0021550971,0.0021748647,0.0021848573,0.0021902574
1.4238299,0.99336485,0.0021773464,3.6478542e-06,0.0021773464,3.2142202e-05,0.002177993,0.080425164,0.30512687,0.0019268713,0.0021218301,0.0021575647,0.0021773464,0.0021873459,0.0021927497
1.4473811,0.99336644,0.0021799139,4.507749e-06,0.0021799139,3.8705358e-06,0.0021805601,0.080439567,0.30514629,0.0019292312,0.0021243588,0.0021601176,0.0021799139,0.0021899205,0.0021953282
1.4713219,0.99336807,0.0021825702,5.6598859e-06,0.0021825702,1.9435104e-07,0.0021832161,0.080454453,0.30516636,0.001931673,0.002126975,0.0021627589,0.0021825702,0.0021925842,0.0021979958
1.4956586,0.99336976,0.0021853186,7.2358574e-06,0.0021853186,2.6618767e-08,0.0021859642,0.080469838,0.30518709,0.0019341995,0.002129682,0.0021654917,0.0021853186,0.0021953402,0.0022007559
1.520398,0.9933715,0.0021881623,9.4428766e-06,0.0021881623,6.0887473e-09,0.0021888076,0.080485738,0.30520852,0.0019368138,0.0021324829,0.0021683194,0.0021881623,0.0021981918,0.0022036118
1.5455465,0.99337331,0.0021911048,1.2618077e-05,0.0021911048,1.8917881e-09,0.0021917498,0.080502173,0.30523067,0.0019395191,0.0021353812,0.0021712454,0.0021911048,0.0022011424,0.0022065669
1.571111,0.99337517,0.0021941497,1.7330939e-05,0.0021941497,7.199948e-10,0.0021947944,0.080519158,0.30525355,0.0019423188,0.0021383804,0.0021742731,0.0021941497,0.0022041957,0.0022096247
1.5970983,0.99337709,0.0021973006,2.4586199e-05,0.0021973006,3.1727091e-10,0.002197945,0.080536714,0.3052772,0.0019452161,0.0021414842,0.0021774063,0.0021973006,0.0022073553,0.0022127891
1.6235156,0.99337908,0.0022005615,3.624932e-05,0.0022005615,1.5721545e-10,0.0022012056,0.080554859,0.30530164,0.0019482147,0.0021446962,0.0021806489,0.0022005615,0.0022106251,0.0022160638
1.6503697,0.99338113,0.0022039362,5.600059e-05,0.0022039362,8.6873056e-11,0.00220458,0.080573613,0.3053269,0.0019513183,0.0021480206,0.0021840048,0.0022039362,0.0022140092,0.0022194529
1.6776681,0.99338325,0.0022074291,9.165346e-05,0.0022074291,5.4200249e-11,0.0022080726,0.080592997,0.305353,0.0019545307,0.0021514614,0.0021874781,0.0022074291,0.0022175116,0.0022229605
1.705418,0.99338544,0.0022110443,0.00016136669,0.0022110443,3.9408489e-11,0.0022116876,0.080613031,0.30537997,0.001957856,0.0021550228,0.0021910732,0.0022110443,0.0022211368,0.0022265911
1.7336269,0.9933877,0.0022147864,0.00031244615,0.0022147864,3.458269e-11,0.0022154294,0.080633739,0.30540784,0.0019612982,0.0021587093,0.0021947945,0.0022147864,0.0022248892,0.002230349
1.7623024,0.99339004,0.0022186601,0.00068783647,0.0022186601,3.6951887e-11,0.0022193029,0.080655143,0.30543665,0.0019648617,0.0021625255,0.0021986467,0.0022186601,0.0022287735,0.0022342391
1.7914522,0.99339246,0.0022226702,0.0018148012,0.0022226702,4.6755656e-11,0.0022233127,0.080677266,0.30546642,0.0019685511,0.0021664762,0.0022026346,0.0022226702,0.0022327946,0.0022382662
1.8210842,0.99339495,0.0022268217,0.0062591332,0.0022268217,6.7255205e-11,0.0022274641,0.080700133,0.30549718,0.0019723709,0.0021705664,0.0022067632,0.0022268217,0.0022369575,0.0022424353
1.8512063,0.99339753,0.00223112,0.032177083,0.00223112,1.0684798e-10,0.0022317622,0.080723769,0.30552897,0.0019763261,0.0021748013,0.0022110379,0.00223112,0.0022412676,0.0022467517
1.8818266,0.99340019,0.0022355705,0.23172506,0.0022355705,1.8556605e-10,0.0022362125,0.0807482,0.30556183,0.0019804218,0.0021791863,0.0022154639,0.0022355705,0.0022457302,0.0022512209
1.9129534,0.99340294,0.002240179,0.54708458,0.002240179,3.5436927e-10,0.0022408207,0.080773452,0.30559578,0.0019846632,0.002183727,0.002220047,0.002240179,0.0022503512,0.0022558487
1.9445951,0.99340578,0.0022449512,1,0.0022449512,7.5903567e-10,0.0022455928,0.080799555,0.30563087,0.0019890558,0.0021884293,0.0022247931,0.0022449512,0.0022551365,0.0022606411
1.9767602,0.99340871,0.0022498935,0.21923841,0.0022498935,1.8895448e-09,0.002250535,0.080826537,0.30566713,0.0019936053,0.0021932992,0.0022297084,0.0022498935,0.0022600922,0.0022656041
2.0094573,0.99341174,0.0022550122,0.15133131,0.0022550122,5.7899628e-09,0.0022556536,0.080854427,0.3057046,0.0019983178,0.0021983432,0.0022347992,0.0022550122,0.0022652248,0.0022707442
2.0426953,0.99341487,0.0022603141,0.13031295,0.0022603141,2.377222e-08,0.0022609553,0.080883257,0.30574333,0.0020031994,0.0022035678,0.0022400722,0.0022603141,0.002270541,0.0022760683
2.076483,0.99341811,0.0022658061,0.044918558,0.0022658061,1.3624149e-07,0.0022664472,0.080913058,0.30578335,0.0020082566,0.00220898,0.0022455344,0.0022658061,0.0022760479,0.0022815832
2.1108296,0.99342145,0.0022714955,0.077358188,0.0022714955,5.9874472e-07,0.0022721366,0.080943864,0.30582471,0.0020134963,0.0022145869,0.0022511931,0.0022714955,0.0022817527,0.0022872963
2.1457443,0.9934249,0.0022773899,0.4378208,0.0022773899,5.5857059e-07,0.002278031,0.080975709,0.30586746,0.0020189253,0.0022203961,0.0022570557,0.0022773899,0.002287663,0.0022932153
2.1812365,0.99342846,0.0022834973,0.1356999,0.0022834973,8.5189821e-08,0.0022841383,0.081008627,0.30591163,0.0020245512,0.0022264153,0.0022631302,0.0022834973,0.0022937868,0.0022993481
2.2173158,0.99343214,0.0022898259,0.017435122,0.0022898259,1.3719709e-08,0.0022904669,0.081042657,0.30595729,0.0020303816,0.0022326528,0.0022694248,0.0022898259,0.0023001324,0.0023057029
2.2539919,0.99343595,0.0022963842,0.011743288,0.0022963842,3.2193858e-09,0.0022970253,0.081077836,0.30600447,0.0020364245,0.002239117,0.002275948,0.0022963842,0.0023067084,0.0023122884
2.2912746,0.99343987,0.0023031814,0.046097587,0.0023031814,9.9650463e-10,0.0023038225,0.081114202,0.30605323,0.0020426883,0.0022458169,0.0022827089,0.0023031814,0.0023135237,0.0023191136
2.329174,0.99344393,0.0023102268,0.08543947,0.0023102268,3.7471938e-10,0.002310868,0.081151798,0.30610362,0.0020491817,0.0022527617,0.0022897168,0.0023102268,0.0023205879,0.0023261881
2.3677003,0.99344812,0.0023175302,0.051942622,0.0023175302,1.6234968e-10,0.0023181715,0.081190664,0.3061557,0.0020559139,0.0022599611,0.0022969815,0.0023175302,0.0023279108,0.0023335215
2.4068639,0.99345245,0.0023251019,0.0097694939,0.0023251019,7.8404222e-11,0.0023257433,0.081230844,0.30620952,0.0020628944,0.0022674254,0.0023045131,0.0023251019,0.0023355026,0.0023411243
2.4466752,0.99345692,0.0023329526,0.0031938354,0.0023329526,4.1391578e-11,0.0023335942,0.081272384,0.30626514,0.0020701332,0.002275165,0.0023123224,0.0023329526,0.0023433741,0.0023490071
2.4871451,0.99346154,0.0023410935,0.0056928823,0.0023410935,2.3686747e-11,0.0023417353,0.08131533,0.30632263,0.0020776408,0.0022831911,0.0023204205,0.0023410935,0.0023515366,0.0023571812
2.5282843,0.99346631,0.0023495363,0.025476054,0.0023495363,1.4730258e-11,0.0023501783,0.08135973,0.30638204,0.0020854281,0.0022915152,0.002328819,0.0023495363,0.0023600016,0.0023656584
2.570104,0.99347124,0.0023582933,0.073265026,0.0023582933,1.0095066e-11,0.0023589355,0.081405635,0.30644344,0.0020935065,0.0023001495,0.0023375303,0.0023582933,0.0023687817,0.002374451
2.6126155,0.99347633,0.0023673773,0.039175549,0.0023673773,7.8002057e-12,0.0023680198,0.081453095,0.3065069,0.002101888,0.0023091067,0.002346567,0.0023673773,0.0023778895,0.0023835717
2.6558301,0.99348159,0.0023768017,0.0080134555,0.0023768017,6.9404135e-12,0.0023774446,0.081502165,0.30657248,0.0021105853,0.0023184001,0.0023559426,0.0023768017,0.0023873386,0.0023930342
2.6997596,0.99348702,0.0023865807,0.0018885145,0.0023865807,7.1445425e-12,0.0023872239,0.081552901,0.30664027,0.0021196113,0.0023280436,0.002365671,0.0023865807,0.002397143,0.0024028525
2.7444156,0.99349262,0.0023967289,0.001069246,0.0023967289,8.3694416e-12,0.0023973725,0.081605359,0.30671032,0.00212898,0.0023380518,0.002375767,0.0023967289,0.0024073176,0.0024130415
2.7898103,0.99349841,0.0024072618,0.0022110863,0.0024072618,1.0863293e-11,0.0024079059,0.081659599,0.30678272,0.0021387058,0.0023484399,0.0023862459,0.0024072618,0.0024178778,0.0024236165
2.8359559,0.99350439,0.0024181956,0.0082679623,0.0024181956,1.5267329e-11,0.0024188402,0.081715683,0.30685755,0.0021488039,0.0023592241,0.0023971239,0.0024181956,0.0024288399,0.0024345939
2.8828647,0.99351057,0.0024295474,0.027992016,0.0024295474,2.2925095e-11,0.0024301925,0.081773675,0.30693489,0.0021592901,0.0023704212,0.002408418,0.0024295474,0.0024402208,0.0024459908
2.9305495,0.99351695,0.0024413349,0.030003571,0.0024413349,3.6639074e-11,0.0024419806,0.08183364,0.30701482,0.0021701813,0.0023820489,0.0024201459,0.0024413349,0.0024520386,0.002457825
2.979023,0.99352354,0.002453577,0.0083179338,0.002453577,6.2561787e-11,0.0024542233,0.081895648,0.30709744,0.002181495,0.0023941257,0.0024323262,0.002453577,0.0024643119,0.0024701153
3.0282983,0.99353034,0.0024662932,0.0018843299,0.0024662932,1.1529098e-10,0.0024669402,0.08195977,0.30718282,0.0021932496,0.0024066711,0.0024449787,0.0024662932,0.0024770604,0.0024828815
3.0783886,0.99353737,0.0024795043,0.00058532172,0.0024795043,2.3302449e-10,0.0024801521,0.082026079,0.30727107,0.0022054647,0.0024197056,0.0024581239,0.0024795043,0.002490305,0.0024961442
3.1293075,0.99354462,0.0024932321,0.00038836559,0.0024932321,5.2814478e-10,0.0024938806,0.082094651,0.30736229,0.0022181606,0.0024332508,0.0024717834,0.0024932321,0.0025040673,0.0025099254
3.1810686,0.99355212,0.0025074993,0.00069523079,0.0025074993,1.377612e-09,0.0025081487,0.082165565,0.30745656,0.0022313588,0.0024473294,0.0024859802,0.0025074993,0.0025183704,0.002524248
3.2336859,0.99355985,0.0025223302,0.0020612749,0.0025223302,4.193778e-09,0.0025229805,0.082238904,0.307554,0.0022450822,0.0024619653,0.0025007382,0.0025223302,0.0025332383,0.0025391361
3.2871735,0.99356784,0.00253775,0.0062249587,0.00253775,1.3782983e-08,0.0025384012,0.082314752,0.30765471,0.0022593544,0.0024771836,0.0025160826,0.00253775,0.0025486964,0.0025546151
3.3415458,0.99357609,0.0025537854,0.0096742301,0.0025537854,3.1277837e-08,0.0025544378,0.082393197,0.30775881,0.0022742007,0.0024930107,0.0025320402,0.0025537854,0.0025647716,0.0025707118
3.3968175,0.99358461,0.0025704648,0.0068335319,0.0025704648,2.8674814e-08,0.0025711182,0.082474331,0.3078664,0.0022896477,0.0025094748,0.002548639,0.0025704648,0.0025814919,0.0025874545
3.4530034,0.99359341,0.0025878177,0.0022831622,0.0025878177,1.197738e-08,0.0025884723,0.082558248,0.30797761,0.0023057234,0.0025266052,0.0025659086,0.0025878177,0.0025988873,0.002604873
3.5101187,0.9936025,0.0026058755,0.00064872361,0.0026058755,3.3705153e-09,0.0026065314,0.082645045,0.30809255,0.0023224575,0.002544433,0.0025838803,0.0026058755,0.002616989,0.0026229987
3.5681787,0.99361187,0.0026246714,0.00023279885,0.0026246714,1.002073e-09,0.0026253285,0.082734826,0.30821136,0.0023398811,0.0025629913,0.0026025872,0.0026246714,0.0026358303,0.0026418648
3.6271991,0.99362156,0.0026442402,0.00014513339,0.0026442402,3.4703968e-10,0.0026448988,0.082827695,0.30833417,0.0023580275,0.0025823146,0.002622064,0.0026442402,0.0026554462,0.0026615063
3.6871957,0.99363156,0.0026646191,0.000198741,0.0026646191,1.3839085e-10,0.0026652792,0.082923763,0.30846111,0.0023769317,0.0026024397,0.0026423477,0.0026646191,0.0026758737,0.0026819604
3.7481847,0.99364188,0.0026858471,0.00045243712,0.0026858471,6.1921521e-11,0.0026865087,0.083023141,0.30859232,0.0023966306,0.0026234055,0.0026634773,0.0026858471,0.002697152,0.0027032661
3.8101825,0.99365254,0.0027079656,0.0012280276,0.0027079656,3.0400437e-11,0.0027086289,0.083125949,0.30872795,0.0024171637,0.0026452532,0.0026854941,0.0027079656,0.0027193226,0.0027254652
3.8732058,0.99366354,0.0027310186,0.0029994727,0.0027310186,1.6109316e-11,0.0027316836,0.083232309,0.30886814,0.0024385725,0.0026680264,0.0027084419,0.0027310186,0.0027424295,0.0027486014
3.9372715,0.9936749,0.0027550525,0.0041625213,0.0027550525,9.1143632e-12,0.0027557194,0.083342347,0.30901306,0.0024609012,0.0026917712,0.0027323671,0.0027550525,0.0027665191,0.0027727214
4.0023969,0.99368662,0.0027801166,0.0023882145,0.0027801166,5.4759221e-12,0.0027807854,0.083456195,0.30916285,0.0024841968,0.0027165368,0.0027573189,0.0027801166,0.0027916408,0.0027978746
4.0685996,0.99369873,0.0028062633,0.0008466106,0.0028062633,3.4943699e-12,0.0028069341,0.08357399,0.3093177,0.002508509,0.0027423752,0.0027833494,0.0028062633,0.0028178471,0.0028241135
4.1358973,0.99371123,0.0028335481,0.00028160477,0.0028335481,2.3838705e-12,0.0028342212,0.083695875,0.30947777,0.0025338908,0.0027693417,0.0028105143,0.0028335481,0.0028451937,0.0028514938
4.2043082,0.99372412,0.0028620303,0.00010883593,0.0028620303,1.7605701e-12,0.0028627056,0.083821995,0.30964323,0.0025603987,0.0027974952,0.0028388724,0.0028620303,0.0028737396,0.0028800746
4.2738506,0.99373744,0.0028917726,5.9703433e-05,0.0028917726,1.4299311e-12,0.0028924502,0.083952505,0.30981428,0.0025880926,0.0028268983,0.0028684865,0.0028917726,0.0029035479,0.0029099189
4.3445433,0.99375118,0.0029228419,5.8658535e-05,0.0029228419,1.29303e-12,0.0029235221,0.084087564,0.3099911,0.0026170365,0.0028576175,0.0028994234,0.0029228419,0.0029346855,0.0029410938
4.4164053,0.99376536,0.0029553096,9.7471988e-05,0.0029553096,1.3038413e-12,0.0029559924,0.084227336,0.31017389,0.0026472986,0.002889724,0.0029317544,0.0029553096,0.0029672238,0.0029736707
4.489456,0.99378,0.0029892517,0.00020921429,0.0029892517,1.4503732e-12,0.0029899372,0.084371994,0.31036286,0.0026789517,0.0029232934,0.0029655551,0.0029892517,0.0030012388,0.0030077256
4.563715,0.99379511,0.0030247493,0.00047098638,0.0030247493,1.7487536e-12,0.0030254377,0.084521716,0.31055821,0.0027120736,0.0029584066,0.0030009068,0.0030247493,0.0030368118,0.0030433399
4.6392023,0.9938107,0.003061889,0.00087810665,0.003061889,2.246809e-12,0.0030625803,0.084676687,0.31076017,0.0027467475,0.0029951501,0.0030378958,0.003061889,0.0030740294,0.0030806002
4.7159382,0.99382679,0.0031007634,0.001049828,0.0031007634,3.0384274e-12,0.0031014578,0.084837101,0.31096895,0.0027830623,0.003033616,0.0030766147,0.0031007634,0.0031129843,0.0031195992
4.7939434,0.99384339,0.0031414715,0.00074561727,0.0031414715,4.2953914e-12,0.0031421693,0.085003157,0.3111848,0.0028211134,0.0030739034,0.0031171623,0.0031414715,0.0031537757,0.0031604362
4.8732388,0.99386052,0.0031841195,0.00034587933,0.0031841195,6.3330863e-12,0.0031848207,0.085175064,0.31140796,0.0028610031,0.0031161181,0.0031596447,0.0031841195,0.0031965096,0.0032032173
4.9538458,0.9938782,0.003228821,0.00013743705,0.003228821,9.7477319e-12,0.0032295257,0.08535304,0.31163867,0.0029028409,0.0031603736,0.0032041754,0.003228821,0.0032412999,0.0032480563
5.0357862,0.99389644,0.0032756979,5.721577e-05,0.0032756979,1.5712652e-11,0.0032764064,0.085537309,0.31187721,0.0029467448,0.0032067917,0.0032508763,0.0032756979,0.0032882686,0.0032950752
5.1190819,0.99391525,0.0033248814,2.8697097e-05,0.0033248814,2.6640803e-11,0.0033255938,0.085728107,0.31212383,0.0029928414,0.0032555033,0.0032998782,0.0033248814,0.0033375466,0.0033444052
5.2037554,0.99393467,0.003376512,2.0629018e-05,0.003376512,4.7699666e-11,0.0033772285,0.085925678,0.31237881,0.0030412671,0.0033066491,0.0033513219,0.003376512,0.0033892749,0.0033961871
5.2898294,0.99395469,0.0034307414,2.3634078e-05,0.0034307414,9.020542e-11,0.003431462,0.086130276,0.31264245,0.0030921688,0.0033603807,0.0034053588,0.0034307414,0.0034436049,0.0034505724
5.3773272,0.99397535,0.0034877326,3.8125298e-05,0.0034877326,1.781306e-10,0.0034884576,0.086342167,0.31291504,0.003145705,0.0034168612,0.003462152,0.0034877326,0.0035006999,0.0035077245
5.4662722,0.99399666,0.0035476615,7.1533247e-05,0.0035476615,3.5294821e-10,0.0035483911,0.086561627,0.31319689,0.0032020469,0.0034762667,0.0035218773,0.0035476615,0.0035607357,0.0035678192
5.5566885,0.99401864,0.0036107181,0.00013504875,0.0036107181,6.3870862e-10,0.0036114525,0.086788942,0.31348832,0.0032613795,0.0035387873,0.0035847247,0.0036107181,0.0036239024,0.0036310465
5.6486003,0.9940413,0.0036771076,0.00022081705,0.0036771076,9.1049063e-10,0.0036778469,0.087024413,0.31378967,0.0033239031,0.0036046287,0.0036508994,0.0036771076,0.0036904052,0.0036976117
5.7420324,0.99406468,0.003747052,0.00026757284,0.003747052,9.0510223e-10,0.0037477964,0.087268352,0.31410128,0.0033898347,0.0036740133,0.0037206235,0.003747052,0.003760466,0.0037677367
5.83701,0.99408878,0.0038207917,0.0002232647,0.0038207917,6.185873e-10,0.0038215414,0.087521084,0.3144235,0.0034594098,0.0037471823,0.0037941376,0.0038207917,0.0038343253,0.0038416621
5.9335585,0.99411364,0.0038985875,0.00013363963,0.0038985875,3.2215981e-10,0.0038993427,0.087782949,0.3147567,0.003532884,0.0038243973,0.0038717026,0.0038985875,0.0039122438,0.0039196485
6.031704,0.99413927,0.0039807227,6.5704819e-05,0.0039807227,1.4881857e-10,0.0039814835,0.088054301,0.31510127,0.0036105358,0.0039059424,0.0039536018,0.0039807227,0.0039945047,0.0040019791
6.131473,0.99416569,0.004067505,3.0809717e-05,0.004067505,6.793942e-11,0.0040682716,0.08833551,0.3154576,0.003692668,0.0039921268,0.0040401436,0.004067505,0.0040814158,0.0040889615
6.2328922,0.99419293,0.0041592696,1.5410814e-05,0.0041592696,3.2209949e-11,0.0041600423,0.08862696,0.3158261,0.0037796111,0.0040832873,0.0041316633,0.0041592696,0.0041733119,0.0041809307
6.3359889,0.99422101,0.0042563819,9.1724691e-06,0.0042563819,1.6112232e-11,0.0042571607,0.088929055,0.3162072,0.0038717262,0.0041797911,0.0042285269,0.0042563819,0.0042705584,0.0042782517
6.4407909,0.99424995,0.0043592406,7.3613865e-06,0.0043592406,8.51688e-12,0.0043600257,0.089242215,0.31660133,0.0039694078,0.0042820393,0.0043311336,0.0043592406,0.0043735537,0.0043813231
6.5473265,0.99427977,0.0044682817,8.3359853e-06,0.0044682817,4.7409575e-12,0.0044690733,0.089566879,0.31700896,0.0040730885,0.0043904706,0.0044399203,0.0044682817,0.0044827335,0.0044905803
6.6556242,0.99431051,0.0045839824,1.2058958e-05,0.0045839824,2.7669609e-12,0.0045847807,0.089903506,0.31743056,0.0041832425,0.0045055656,0.004555365,0.0045839824,0.0045985746,0.0046065001
6.7657132,0.99434219,0.0047068659,1.9439389e-05,0.0047068659,1.6870787e-12,0.004707671,0.090252575,0.31786661,0.0043003911,0.0046278515,0.004677992,0.0047068659,0.0047216,0.004729605
6.8776232,0.99437482,0.0048375069,3.1370487e-05,0.0048375069,1.0726549e-12,0.0048383188,0.090614587,0.31831764,0.0044251076,0.0047579075,0.0048083773,0.0048375069,0.0048523834,0.0048604687
6.9913843,0.99440844,0.0049765371,4.6052048e-05,0.0049765371,7.1157426e-13,0.004977356,0.090990068,0.31878416,0.0045580244,0.0048963712,0.0049471544,0.0049765371,0.0049915562,0.004999722
7.1070271,0.99444308,0.0051246527,5.6326179e-05,0.0051246527,4.9426222e-13,0.0051254785,0.091379565,0.31926672,0.0046998392,0.0050439451,0.0050950211,0.0051246527,0.0051398136,0.0051480599
7.2245826,0.99447875,0.0052826217,5.4607289e-05,0.0052826217,3.6193778e-13,0.0052834545,0.091783653,0.31976589,0.0048513242,0.0052014053,0.005252748,0.0052826217,0.0052979227,0.0053062489
7.3440827,0.99451549,0.0054512931,4.1809319e-05,0.0054512931,2.8208405e-13,0.0054521329,0.092202933,0.32028226,0.0050133348,0.0053696099,0.0054211866,0.0054512931,0.0054667313,0.0054751362
7.4655594,0.99455332,0.005631607,2.6356366e-05,0.005631607,2.3635269e-13,0.0056324537,0.092638035,0.32081645,0.0051868207,0.0055495102,0.0056012804,0.005631607,0.0056471781,0.0056556598
7.5890453,0.99459227,0.0058246064,1.484216e-05,0.0058246064,2.1439969e-13,0.0058254597,0.093089617,0.32136908,0.0053728381,0.0057421617,0.0057940761,0.0058246064,0.0058403042,0.0058488599
7.7145739,0.99463238,0.0060314502,8.1364069e-06,0.0060314502,2.1067904e-13,0.0060323099,0.093558373,0.3219408,0.005572564,0.0059487391,0.0060007375,0.0060314502,0.0060472667,0.0060558926
7.8421787,0.99467365,0.0062534292,4.6884558e-06,0.0062534292,2.2279002e-13,0.0062542951,0.094045025,0.32253232,0.0057873129,0.0061705511,0.0062225608,0.0062534292,0.0062693538,0.006278045
7.9718943,0.99471614,0.0064919838,3.0815539e-06,0.0064919838,2.507051e-13,0.0064928552,0.094550335,0.32314432,0.0060185556,0.0064090594,0.0064609927,0.0064919838,0.006508003,0.0065167528
8.1037554,0.99475986,0.0067487242,2.5121695e-06,0.0067487242,2.9656786e-13,0.0067496005,0.095075101,0.32377755,0.0062679416,0.0066658996,0.0067176514,0.0067487242,0.0067648211,0.0067736211
8.2377977,0.99480484,0.007025455,2.6203337e-06,0.007025455,3.6495015e-13,0.0070263354,0.095620159,0.32443277,0.0065373248,0.0069429063,0.0069943507,0.007025455,0.0070416083,0.0070504481
8.374057,0.99485111,0.0073242023,3.3009585e-06,0.0073242023,4.6359058e-13,0.0073250858,0.09618639,0.32511077,0.0068287935,0.0072421415,0.0072931278,0.0073242023,0.0073403861,0.0073492526
8.5125703,0.99489871,0.007647247,4.5689201e-06,0.007647247,6.0475139e-13,0.0076481323,0.096774717,0.32581237,0.0071447059,0.007565928,0.0076162767,0.007647247,0.0076634291,0.0076723061
8.6533746,0.99494765,0.007997162,6.4061496e-06,0.007997162,8.0744909e-13,0.0079980475,0.097386112,0.32653843,0.0074877312,0.0079168891,0.0079663858,0.007997162,0.0080133031,0.0080221709
8.7965079,0.99499797,0.008376857,8.5342702e-06,0.008376857,1.1009212e-12,0.0083777406,0.098021595,0.32728983,0.0078608984,0.0082979945,0.0083463837,0.008376857,0.0083929093,0.0084017436
8.9420088,0.9950497,0.0087896306,1.0260323e-05,0.0087896306,1.5296785e-12,0.00879051,0.098682241,0.32806749,0.0082676538,0.0087126144,0.0087595915,0.0087896306,0.0088055361,0.0088143073
9.0899164,0.99510287,0.0092392321,1.0769068e-05,0.0092392321,2.1599922e-12,0.0092401044,0.099369181,0.32887238,0.0087119287,0.0091645835,0.0092097854,0.0092392321,0.0092549206,0.0092635928
9.2402705,0.99515751,0.0097299345,9.7524702e-06,0.0097299345,3.0856803e-12,0.0097307959,0.1000836,0.32970547,0.0091982208,0.0096582773,0.0097012706,0.0097299345,0.0097453206,0.0097538502
9.3931115,0.99521363,0.010266621,7.6597594e-06,0.010266621,4.4254679e-12,0.010267467,0.10082677,0.33056782,0.0097316896,0.010198701,0.010238969,0.010266621,0.010281601,0.010289935
9.5484806,0.99527128,0.010854886,5.3467945e-06,0.010854886,6.2924929e-12,0.010855712,0.10159999,0.33146048,0.010318272,0.0107916,0.010828523,0.010854886,0.010869337,0.010877411
9.7064197,0.99533048,0.011501162,3.4613235e-06,0.011501162,8.7035829e-12,0.01150196,0.10240466,0.33238458,0.010964821,0.011443582,0.01147642,0.011501162,0.011514932,0.011522669
9.8669712,0.99539125,0.012212863,2.1842918e-06,0.012212863,1.1417203e-11,0.012213626,0.10324226,0.33334127,0.011679268,0.012162278,0.012190144,0.012212863,0.012225769,0.012233074
10.030178,0.99545362,0.012998562,1.4146609e-06,0.012998562,1.3812042e-11,0.012999281,0.10411433,0.33433176,0.01247083,0.012956524,0.012978351,0.012998562,0.013010384,0.013017143
10.196085,0.99551762,0.013868207,9.9357767e-07,0.013868207,1.5063506e-11,0.013868869,0.10502251,0.33535731,0.013350245,0.013836584,0.01385109,0.013868207,0.013878676,0.01388475
10.364736,0.99558326,0.014833373,7.9857288e-07,0.014833373,1.4640573e-11,0.014833964,0.10596854,0.33641921,0.014330072,0.014814423,0.014820061,0.014833373,0.014842163,0.014847384
10.536177,0.99565058,0.015907581,7.552569e-07,0.015907581,1.26623e-11,0.015908083,0.10695425,0.33751882,0.01542505,0.015904038,0.015898937,0.015907581,0.015914297,0.015918458
10.710453,0.99571959,0.017106677,8.2362518e-07,0.017106677,9.820343e-12,0.01710707,0.10798156,0.33865756,0.016652539,0.017121856,0.01710375,0.017106677,0.017110835,0.017113687
10.887612,0.99579031,0.018449299,9.8085918e-07,0.018449299,6.9615231e-12,0.018449556,0.10905253,0.33983688,0.018033063,0.018487234,0.018453369,0.018449299,0.018450309,0.018451545
11.067701,0.99586275,0.019957448,1.2041983e-06,0.019957448,4.6346942e-12,0.019957537,0.11016933,0.34105833,0.019590979,0.02002306,0.01997008,0.019957448,0.019954589,0.019953832
11.250769,0.99593694,0.021657197,1.4551628e-06,0.021657197,2.9771084e-12,0.021657077,0.11133425,0.34232348,0.021355304,0.021756504,0.021680307,0.021657197,0.021649581,0.021646371
11.436865,0.99601289,0.023579555,1.6731505e-06,0.023579555,1.8850132e-12,0.023579179,0.11254973,0.34363399,0.023360745,0.023719943,0.0236155,0.023579555,0.023566092,0.02355986
11.62604,0.9960906,0.025761554,1.7901789e-06,0.025761554,1.1938947e-12,0.025760861,0.11381835,0.34499158,0.025648983,0.025952115,0.02581324,0.025761554,0.025740897,0.025730943
11.818343,0.99617009,0.028247588,1.7621953e-06,0.028247588,7.6341431e-13,0.028246502,0.11514285,0.34639805,0.028270267,0.028499546,0.028318607,0.028247588,0.02821807,0.028203524
12.013828,0.99625135,0.031091084,1.5909752e-06,0.031091084,4.9554675e-13,0.031089514,0.11652614,0.34785526,0.031285433,0.031418347,0.031185893,0.031091084,0.031050637,0.031030421
12.212545,0.99633439,0.034356598,1.3219314e-06,0.034356598,3.2760776e-13,0.034354427,0.11797131,0.34936515,0.034768414,0.034776449,0.034480741,0.034356598,0.034302644,0.034275414
12.41455,0.99641921,0.038122427,1.0224353e-06,0.038122427,2.2105576e-13,0.038119509,0.11948165,0.35092976,0.038809414,0.038656419,0.038282825,0.038122427,0.038051749,0.038015825
12.619896,0.9965058,0.04248389,7.5104374e-07,0.04248389,1.5252406e-13,0.042480045,0.12106064,0.35255119,0.043518899,0.043158981,0.042689208,0.04248389,0.042392457,0.042345737
12.828639,0.99659414,0.047557439,5.3805439e-07,0.047557439,1.0785109e-13,0.047552436,0.12271201,0.35423163,0.049032606,0.048407444,0.047818552,0.047557439,0.047440186,0.047380027
13.040834,0.99668422,0.053485787,3.8758732e-07,0.053485787,7.8392981e-14,0.053479338,0.12443972,0.35597339,0.055517839,0.054553236,0.053816384,0.053485787,0.053336341,0.053259414
13.256539,0.99677601,0.060444318,2.9012741e-07,0.060444318,5.8816164e-14,0.060436059,0.12624798,0.35777884,0.063181321,0.061782812,0.06086166,0.060444318,0.060254637,0.060156743
13.475812,0.99686948,0.068649006,2.3293401e-07,0.068649006,4.5789395e-14,0.068638476,0.12814128,0.35965048,0.072278923,0.070326191,0.069174887,0.068649006,0.068408932,0.068284768
13.698713,0.99696461,0.078366113,2.0491912e-07,0.078366113,3.720793e-14,0.078352728,0.13012444,0.36159089,0.083127551,0.080467396,0.07902806,0.078366113,0.078062812,0.077905673
13.9253,0.99706134,0.089923858,1.9769748e-07,0.089923858,3.1730171e-14,0.089906884,0.13220255,0.36360279,0.096119371,0.092556966,0.090756606,0.089923858,0.089541132,0.089342557
14.155635,0.99715962,0.10372608,2.049302e-07,0.10372608,2.8498224e-14,0.10370459,0.13438109,0.36568898,0.11173827,0.10702649,0.10477332,0.10372608,0.10324354,0.10299288
14.389779,0.9972594,0.12026748,2.2121657e-07,0.12026748,2.6967577e-14,0.12024032,0.13666591,0.36785241,0.13057787,0.12440464,0.12158389,0.12026748,0.11965962,0.11934354
14.627797,0.9973606,0.14014942,2.411967e-07,0.14014942,2.6802263e-14,0.14011513,0.13906323,0.37009614,0.15335916,0.14533323,0.14180271,0.14014942,0.13938459,0.13898654
14.869752,0.99746314,0.16409353,2.5930264e-07,0.16409353,2.7809739e-14,0.16405036,0.14157974,0.37242337,0.18094403,0.17058017,0.1661664,0.16409353,0.16313307,0.16263285
15.115709,0.99756694,0.19294859,2.7035118e-07,0.19294859,2.990004e-14,0.19289445,0.14422259,0.37483743,0.21433719,0.20104353,0.19553969,0.19294859,0.19174632,0.19111975
15.365734,0.99767188,0.22768196,2.7065569e-07,0.22768196,3.3059563e-14,0.2276144,0.14699943,0.3773418,0.25466412,0.23773641,0.23090478,0.22768196,0.22618459,0.22540375
15.619895,0.99777786,0.26934184,2.5890559e-07,0.26934184,3.7333067e-14,0.26925823,0.14991845,0.37994009,0.30310491,0.2817367,0.27331971,0.26934184,0.26749128,0.26652566
15.87826,0.99788474,0.31897052,2.363141e-07,0.31897052,4.2809066e-14,0.31886824,0.15298846,0.38263609,0.36075554,0.33407871,0.32382471,0.31897052,0.31670921,0.3155285
16.140898,0.99799238,0.377443,2.0611935e-07,0.377443,4.9604256e-14,0.37731993,0.15621887,0.38543373,0.42838169,0.39555914,0.3832707,0.377443,0.37472405,0.37330336
16.407881,0.99810061,0.44520689,1.7264031e-07,0.44520689,5.7842489e-14,0.44506214,0.15961979,0.38833714,0.50603541,0.46643442,0.4520461,0.44520689,0.44201032,0.44033863
16.67928,0.99820926,0.52191683,1.4006716e-07,0.52191683,6.7623461e-14,0.52175175,0.16320208,0.39135059,0.59253688,0.54601269,0.52969843,0.52191683,0.51827202,0.51636394
16.955167,0.99831812,0.60600343,1.1143946e-07,0.60600343,7.8976593e-14,0.60582279,0.16697739,0.39447855,0.68490177,0.63220513,0.61449827,0.60600343,0.60201452,0.59992369
17.235619,0.99842698,0.69429567,8.8261552e-08,0.69429567,9.1797959e-14,0.69410851,0.17095824,0.39772567,0.77792182,0.72119572,0.70307533,0.69429567,0.6901614,0.68799118
17.520709,0.99853559,0.7818996,7.0741642e-08,0.7818996,1.0577463e-13,0.78171927,0.17515807,0.40109682,0.86422903,0.8074693,0.79033818,0.7818996,0.77791473,0.7758194
17.810515,0.9986437,0.86254778,5.8297824e-08,0.86254778,1.2031279e-13,0.86239067,0.17959132,0.40459705,0.93515662,0.88440012,0.86988559,0.86254778,0.85907472,0.85724515
18.105114,0.998751,0.92948739,5.0013134e-08,0.92948739,1.3450165e-13,0.9293703,0.18427354,0.40823163,0.98240478,0.94536111,0.93494994,0.92948739,0.92689854,0.92553218
18.404586,0.99885719,0.97669472,4.4917777e-08,0.97669472,1.4715532e-13,0.97663176,0.18922141,0.41200604,1,0.98497232,0.97963045,0.97669472,0.97530273,0.9745667
18.709012,0.9989619,1,4.2116141e-08,1,1.5696276e-13,1,0.19445287,0.415926,0.98573706,1,1,1,1,1
19.018473,0.99906477,0.99778299,4.0821942e-08,0.99778299,1.6273024e-13,0.99784803,0.19998721,0.41999745,0.9416042,0.98972075,0.9947676,0.99778299,0.99922069,0.99998347
19.333053,0.99916537,0.97114909,4.0358491e-08,0.97114909,1.6364024e-13,0.9712742,0.20584515,0.42422658,0.8732991,0.95590652,0.96539775,0.97114909,0.97391544,0.97538592
19.652836,0.99926326,0.92362878,4.015879e-08,0.92362878,1.5942718e-13,0.9238028,0.21204894,0.4286198,0.78914282,0.90252492,0.9157096,0.92362878,0.92748151,0.92953416
19.977909,0.99935796,0.86045007,3.9776939e-08,0.86045007,1.5041803e-13,0.86065785,0.21862249,0.4331838,0.69852705,0.83504442,0.85106034,0.86045007,0.86506373,0.86752731
20.308359,0.99944891,0.78752708,3.8904468e-08,0.78752708,1.3745853e-13,0.78775278,0.22559143,0.4379255,0.61011412,0.75939288,0.77734127,0.78752708,0.79255779,0.79524791
20.644274,0.99953556,0.71045689,3.7378151e-08,0.71045689,1.2176767e-13,0.71068671,0.23298326,0.44285209,0.53032757,0.68095912,0.70005665,0.71045689,0.71559468,0.71834387
20.985746,0.99961728,0.63380792,3.5171535e-08,0.63380792,1.0473952e-13,0.63403112,0.24082741,0.44797101,0.46264865,0.60402262,0.62366822,0.63380792,0.63880487,0.64148179
21.332866,0.99969339,0.56081429,3.2372519e-08,0.56081429,8.7713417e-14,0.56102302,0.24915536,0.45328997,0.4077975,0.5316399,0.55128849,0.56081429,0.56549852,0.568014
21.685728,0.99976316,0.49342358,2.9152738e-08,0.49342358,7.1769443e-14,0.49361316,0.2580007,0.45881693,0.3644788,0.46574931,0.48472208,0.49342358,0.49770299,0.50000602
22.044426,0.99982581,0.43255693,2.5731026e-08,0.43255693,5.7613209e-14,0.43272622,0.26739924,0.4645601,0.33028462,0.40730172,0.42475112,0.43255693,0.43640336,0.4384727
22.409058,0.99988048,0.37842423,2.2332635e-08,0.37842423,4.5571404e-14,0.37857478,0.27738902,0.47052795,0.30247874,0.35639951,0.37149094,0.37842423,0.3818429,0.38367813
22.77972,0.99992626,0.33078907,1.9151024e-08,0.33078907,3.5668147e-14,0.3309229,0.28801034,0.47672918,0.27854874,0.31249588,0.32467327,0.33078907,0.3337961,0.33540936
23.156514,0.99996216,0.28915789,1.6322029e-08,0.28915789,2.7731983e-14,0.28927602,0.2993057,0.48317273,0.25651674,0.27465537,0.28381608,0.28915789,0.2917779,0.29318755
23.53954,0.99998712,0.25291483,1.391586e-08,0.25291483,2.1494025e-14,0.25301768,0.3113198,0.48986774,0.23505183,0.24181772,0.24831677,0.25291483,0.25518617,0.25641318
23.928902,1,0.2214197,1.1944549e-08,0.2214197,1.6659061e-14,0.22150834,0.3240993,0.49682352,0.21344865,0.21300472,0.21751857,0.2214197,0.22339127,0.22445733
24.324704,0.99999957,0.19406921,1.0377777e-08,0.19406921,1.2948066e-14,0.19414585,0.33769262,0.50404957,0.19153292,0.18744342,0.19077341,0.19406921,0.19578813,0.19671395
24.727053,0.99998451,0.17032108,9.160069e-09,0.17032108,1.0118501e-14,0.17038816,0.35214956,0.5115555,0.16953273,0.16460821,0.16749665,0.17032108,0.1718224,0.17262639
25.136057,0.99995342,0.14969338,8.2251523e-09,0.14969338,7.9702821e-15,0.14975243,0.36752081,0.51935099,0.14793174,0.1441969,0.14719887,0.14969338,0.15099983,0.15169802
25.551826,0.99990477,0.13175731,7.5061315e-09,0.13175731,6.3439119e-15,0.13180865,0.38385727,0.52744575,0.12731603,0.12606204,0.12948727,0.13175731,0.13288707,0.13349377
25.974473,0.99983694,0.11613441,6.9418394e-09,0.11613441,5.115109e-15,0.11617796,0.40120914,0.53584947,0.10823527,0.11012518,0.11404373,0.11613441,0.11710872,0.11763682
26.40411,0.99974821,0.10249804,6.480308e-09,0.10249804,4.1884714e-15,0.10253425,0.41962476,0.54457172,0.091102717,0.096302547,0.10059565,0.10249804,0.10334245,0.10380302
26.840854,0.9996367,0.09057287,6.0802404e-09,0.09057287,3.4914505e-15,0.090603138,0.43914915,0.55362188,0.076148408,0.084460799,0.088893711,0.09057287,0.091312491,0.091714635
27.284822,0.99950045,0.080129145,5.7111165e-09,0.080129145,2.9691638e-15,0.080155357,0.45982215,0.563009,0.063421643,0.074406571,0.078702526,0.080129145,0.080782815,0.081134129
27.736134,0.99933734,0.070972967,5.3523826e-09,0.070972967,2.5801721e-15,0.070996685,0.48167623,0.57274175,0.052826151,0.065901084,0.069802035,0.070972967,0.071551231,0.071858442
28.19491,0.9991451,0.062936831,4.9920997e-09,0.062936831,2.2931568e-15,0.062958776,0.50473373,0.5828282,0.044168206,0.058686441,0.061994345,0.062936831,0.063444706,0.06371389
28.661275,0.99892134,0.055873579,4.6253608e-09,0.055873579,2.0843604e-15,0.055893668,0.52900364,0.59327571,0.037202709,0.052512093,0.055110611,0.055873579,0.056315339,0.05655174
29.135354,0.99866349,0.049654074,4.2526837e-09,0.049654074,1.9356417e-15,0.049671887,0.55447786,0.60409074,0.031669344,0.047154728,0.049014464,0.049654074,0.050036526,0.050244426
29.617275,0.99836882,0.044166822,3.8784511e-09,0.044166822,1.8330106e-15,0.044182117,0.5811269,0.61527858,0.027316813,0.042429579,0.043600595,0.044166822,0.044499439,0.044682328
30.107167,0.99803445,0.039317387,3.5093911e-09,0.039317387,1.7655324e-15,0.039330351,0.60889506,0.62684319,0.023916618,0.038194157,0.038789116,0.039317387,0.039610142,0.039771054
30.605162,0.9976573,0.035026495,3.1531196e-09,0.035026495,1.724513e-15,0.035037676,0.63769523,0.63878687,0.021269141,0.034346563,0.034517755,0.035026495,0.035287435,0.035429158
31.111395,0.99723411,0.031227074,2.8168397e-09,0.031227074,1.7028999e-15,0.031237091,0.66740344,0.65110996,0.019204806,0.030820363,0.03073425,0.031227074,0.031461148,0.031586211
31.626001,0.99676143,0.027861139,2.5063462e-09,0.027861139,1.6948491e-15,0.027870419,0.69785342,0.66381048,0.017582513,0.027577423,0.027390746,0.027861139,0.028070616,0.02818119
32.149119,0.99623561,0.024877429,2.2254411e-09,0.024877429,1.6954224e-15,0.024886082,0.72883157,0.67688378,0.016286846,0.024599725,0.024440822,0.024877429,0.025063247,0.025161107
32.680889,0.99565277,0.022230109,1.9757816e-09,0.022230109,1.7003866e-15,0.022237991,0.76007275,0.69032209,0.015224949,0.02188113,0.021838829,0.022230109,0.022393252,0.022479866
33.221456,0.99500886,0.019878354,1.7570802e-09,0.019878354,1.7060938e-15,0.019885232,0.79125761,0.70411405,0.014323504,0.019420059,0.019540714,0.019878354,0.020020631,0.020097288
33.770964,0.99429956,0.017786298,1.5675254e-09,0.017786298,1.7094223e-15,0.017792027,0.82201196,0.71824421,0.013525978,0.017213953,0.017505446,0.017786298,0.017910404,0.01797829
34.329561,0.99352036,0.015922936,1.4042876e-09,0.015922936,1.7077602e-15,0.015927545,0.85190913,0.73269247,0.012790137,0.015255911,0.015696366,0.015922936,0.016031982,0.016092186
34.897398,0.99266651,0.014261712,1.2640027e-09,0.014261712,1.6990131e-15,0.0142654,0.88047573,0.74743356,0.012085785,0.013533447,0.014082078,0.014261712,0.014358614,0.014412091
35.474627,0.99173301,0.012779852,1.1431716e-09,0.012779852,1.6816191e-15,0.012782906,0.90720145,0.76243634,0.011392719,0.012028886,0.012636693,0.012779852,0.012866864,0.012914414
36.061404,0.99071465,0.011457586,1.0384501e-09,0.011457586,1.6545548e-15,0.011460283,0.93155304,0.77766328,0.010698863,0.010720764,0.011339467,0.011457586,0.011536135,0.011578428
36.657887,0.98960595,0.010277459,9.4683146e-10,0.010277459,1.6173254e-15,0.010279992,0.9529921,0.79306974,0.009998624,0.009585612,0.01017398,0.010277459,0.010348282,0.010385894
37.264236,0.98840122,0.0092238498,8.65741e-10,0.0092238498,1.5699317e-15,0.0092262983,0.97099598,0.80860343,0.0092914578,0.0085996798,0.0091270875,0.0092238498,0.0092872931,0.0093207415
37.880615,0.98709452,0.0082826892,7.9306369e-10,0.0082826892,1.512819e-15,0.0082850419,0.9850803,0.8242038,0.0085806144,0.0077403172,0.0081878645,0.0082826892,0.0083390345,0.0083687972
38.507189,0.98567968,0.0074413501,7.2712914e-10,0.0074413501,1.4468137e-15,0.0074435465,0.99482136,0.8398015,0.0078720304,0.0069869348,0.0073467308,0.0074413501,0.0074910329,0.0075175428
39.144127,0.98415033,0.0066885963,6.6667051e-10,0.0066885963,1.3730536e-15,0.0066905736,0.99987644,0.85531799,0.0071733147,0.0063215478,0.0065948378,0.0066885963,0.0067322739,0.0067559119
39.7916,0.98249985,0.0060145302,6.1076995e-10,0.0060145302,1.2929186e-15,0.0060162553,1,0.87066521,0.006492813,0.005728985,0.0059237311,0.0060145302,0.0060530173,0.0060741109
40.449783,0.98072145,0.0054104954,5.5879792e-10,0.0054104954,1.2079619e-15,0.0054119746,0.99505468,0.88574546,0.0058387618,0.0051968501,0.0053252404,0.0054104954,0.0054446349,0.0054634647
41.118853,0.97880815,0.004868934,5.1035093e-10,0.004868934,1.1198401e-15,0.0048702056,0.98501625,0.90045149,0.005218577,0.0047153217,0.004791522,0.004868934,0.0048994706,0.0049162815
41.79899,0.9767528,0.0043832199,4.651907e-10,0.0043832199,1.0302417e-15,0.0043843361,0.96997299,0.91466681,0.0046383198,0.0042768509,0.0043151779,0.0043832199,0.0044107247,0.0044257357
42.490377,0.97454815,0.0039474963,4.2318767e-10,0.0039474963,9.4081326e-16,0.0039485057,0.95012034,0.92826636,0.0041023736,0.0038758033,0.0038893906,0.0039474963,0.0039723563,0.0039857653
43.193199,0.97218681,0.0035565402,3.842719e-10,0.0035565402,8.5308708e-16,0.0035574757,0.92575201,0.94111749,0.0036133302,0.0035080781,0.0035080304,0.0035565402,0.0035789968,0.0035909827
43.907648,0.96966135,0.0032056626,3.4839351e-10,0.0032056626,7.6841708e-16,0.0032065377,0.89724886,0.95308135,0.0031720612,0.0031707292,0.0031657152,0.0032056626,0.0032258739,0.0032365957
44.633913,0.96696432,0.0028906426,3.1549437e-10,0.0028906426,6.8792869e-16,0.0028914553,0.86506624,0.96401459,0.0027779237,0.0028616145,0.002857813,0.0028906426,0.0029087417,0.0029183389
45.372192,0.96408827,0.0026076859,2.8549075e-10,0.0026076859,6.1248838e-16,0.0026084256,0.82971991,0.9737716,0.0024290497,0.0025790914,0.0025803955,0.0026076859,0.0026238189,0.0026324134
46.122682,0.96102589,0.0023533943,2.5826593e-10,0.0023533943,5.426945e-16,0.0023540501,0.79177081,0.98220701,0.0021226636,0.0023217737,0.0023301551,0.0023533943,0.0023677348,0.0023754334
46.885586,0.95776998,0.0021247389,2.3367044e-10,0.0021247389,4.7888797e-16,0.0021253049,0.7518083,0.98917855,0.0018553925,0.0020883563,0.0021043012,0.0021247389,0.0021374821,0.0021443796
47.661109,0.95431357,0.0019190297,2.1152761e-10,0.0019190297,4.211789e-16,0.0019195078,0.71043226,0.99455017,0.0016235385,0.0018775046,0.0019004534,0.0019190297,0.0019303766,0.0019365579
48.44946,0.95065002,0.0017338818,1.9164182e-10,0.0017338818,3.6948355e-16,0.0017342809,0.66823472,0.99819529,0.0014233028,0.0016878015,0.0017165427,0.0017338818,0.0017440216,0.0017495632
49.25085,0.94677305,0.0015671792,1.7380772e-10,0.0015671792,3.2356621e-16,0.0015675126,0.62578189,1,0.0012509555,0.0015177375,0.0015507314,0.0015671792,0.0015762766,0.001581247
50.065496,0.94267692,0.0014170393,1.5781893e-10,0.0014170393,2.8308106e-16,0.0014173219,0.58359802,0.99986616,0.0011029553,0.0013657301,0.0014013525,0.0014170393,0.0014252288,0.0014296892
50.893617,0.93835645,0.0012817812,1.4347536e-10,0.0012817812,2.4761065e-16,0.0012820265,0.54215208,0.99771412,0.00097602648,0.0012301601,0.0012668706,0.0012817812,0.0012891682,0.001293173
51.735436,0.93380719,0.0011598988,1.3058888e-10,0.0011598988,2.1669881e-16,0.0011601174,0.50184822,0.99348493,0.00086720026,0.0011094132,0.0011458588,0.0011598988,0.0011665653,0.0011701626
52.591179,0.92902553,0.0010500393,1.1898715e-10,0.0010500393,1.8987711e-16,0.0010502382,0.46302035,0.98714196,0.00077383066,0.0010019201,0.0010369892,0.0010500393,0.001056051,0.0010592837
53.461077,0.92400883,0.00095098599,1.0851583e-10,0.00095098599,1.6668477e-16,0.00095116906,0.42593066,0.9786718,0.00069359119,0.00090619018,0.00093903075,0.00095098599,0.00095639933,0.00095930547
54.345364,0.91875554,0.00086164516,9.9039339e-11,0.00086164516,1.4668283e-16,0.00086181403,0.39077185,0.96808436,0.00062445919,0.00082083732,0.0008508507,0.00086164516,0.00086651205,0.0008691257
55.244277,0.91326536,0.00078103433,9.0440551e-11,0.00078103433,1.2946319e-16,0.00078118943,0.35767202,0.95541226,0.00056469266,0.00074459666,0.00077141691,0.00078103433,0.00078540496,0.00078775661
56.158059,0.90753937,0.00070827234,8.2619537e-11,0.00070827234,1.1465369e-16,0.00070841375,0.32670166,0.94070967,0.00051280314,0.00067633352,0.00069979838,0.00070827234,0.00071219578,0.0007143127
57.086956,0.90158015,0.00064256974,7.549181e-11,0.00064256974,1.0192023e-16,0.00064269772,0.29788168,0.92405056,0.00046752739,0.00061504541,0.00063516328,0.00064256974,0.00064609328,0.00064799986
58.031217,0.89539196,0.00058321971,6.8986221e-11,0.00058321971,9.0966633e-17,0.00058333493,0.27119197,0.90552675,0.00042779946,0.00055985861,0.00057677419,0.00058321971,0.00058638767,0.0005881057
58.991097,0.88898084,0.00052958928,6.3042752e-11,0.00052958928,8.1533045e-17,0.00052969277,0.24657972,0.88524586,0.00039272438,0.00051002056,0.00052398094,0.00052958928,0.00053244194,0.00053399085
59.966854,0.88235472,0.00048111126,5.7610387e-11,0.00048111126,7.3393448e-17,0.00048120426,0.22396717,0.86332927,0.00036155419,0.00046488934,0.00047621188,0.00048111126,0.00048368418,0.00048508131
60.958751,0.87552356,0.00043727678,5.2645179e-11,0.00043727678,6.6352646e-17,0.00043736055,0.20325858,0.83991036,0.00033366632,0.00042392147,0.00043296425,0.00043727678,0.00043960073,0.00044086158
61.967055,0.86849938,0.00039762878,4.8108602e-11,0.00039762878,6.0243051e-17,0.00039770443,0.18434617,0.81513295,0.00030854476,0.00038665874,0.00039379463,0.00039762878,0.00039973011,0.00040086855
62.992037,0.86129639,0.00036175626,4.3966225e-11,0.00036175626,5.4921491e-17,0.00036182469,0.16711514,0.78914993,0.00028576363,0.00035271519,0.00035830995,0.00036175626,0.00036365757,0.00036468602
64.033973,0.85393092,0.00032928936,4.0186702e-11,0.00032928936,5.0266151e-17,0.00032935122,0.15144763,0.76212206,0.00026497301,0.00032176451,0.00032615968,0.00032928936,0.00033101025,0.00033193985
65.093143,0.84642151,0.00029989508,3.6741063e-11,0.00029989508,4.6173751e-17,0.00029995084,0.13722596,0.73421677,0.00024588693,0.00029352872,0.00029702914,0.00029989508,0.00030145284,0.00030229359
66.169832,0.83878878,0.00027327355,3.3602242e-11,0.00027327355,4.2556981e-17,0.00027332356,0.12433493,0.70560682,0.00022827298,0.00026776814,0.00027063423,0.00027327355,0.00027468373,0.00027544459
67.264331,0.83105536,0.00024915474,3.0744807e-11,0.00024915474,3.9342237e-17,0.00024919933,0.11266359,0.67646873,0.00021194349,0.00024427302,0.00024671729,0.00024915474,0.00025043151,0.00025112051
68.376934,0.82324576,0.00022729556,2.8144821e-11,0.00022729556,3.6467621e-17,0.00022733504,0.10210643,0.64698089,0.00019674791,0.00022285676,0.00022504394,0.00022729556,0.00022845189,0.00022907624
69.50794,0.81538611,0.00020747713,2.5779804e-11,0.00020747713,3.3881221e-17,0.00020751186,0.092564154,0.61732133,0.00018256623,0.00020335064,0.00020540074,0.00020747713,0.00020852492,0.00020909108
70.657654,0.80750391,0.00018950239,2.362873e-11,0.00018950239,3.1539623e-17,0.00018953277,0.083944057,0.58766525,0.00016930326,0.00018559997,0.00018759339,0.00018950239,0.0001904525,0.00019096628
71.826385,0.79962774,0.00017319388,2.1672048e-11,0.00017319388,2.9406642e-17,0.00017322035,0.076160222,0.55818236,0.00015688367,0.00016946131,0.00017144519,0.00017319388,0.00017405617,0.00017452278
73.014447,0.79178679,0.00015839175,1.9891698e-11,0.00015839175,2.7452234e-17,0.00015841477,0.069133461,0.52903418,0.00014524773,0.00015480073,0.00015679585,0.00015839175,0.00015917511,0.00015959921
74.222161,0.7840105,0.00014495197,1.8271107e-11,0.00014495197,2.5651575e-17,0.00014497198,0.062791139,0.50037152,0.00013434755,0.00014149266,0.0001435003,0.00014495197,0.00014566435,0.00014605014
75.449852,0.77632802,0.00013274467,1.6795156e-11,0.00013274467,2.398426e-17,0.00013276207,0.057066896,0.47233221,0.00012414402,0.00012941932,0.00013142753,0.00013274467,0.00013339317,0.00013374441
76.697849,0.76876768,0.00012165272,1.5450132e-11,0.00012165272,2.2433619e-17,0.0001216679,0.051900304,0.4450392,0.00011460417,0.00011847039,0.00012045952,0.00012165272,0.00012224367,0.00012256377
77.96649,0.7613564,0.00011157044,1.422365e-11,0.00011157044,2.098612e-17,0.00011158373,0.047236492,0.41859924,0.00010569912,0.00010854293,0.00011049007,0.00011157044,0.00011210951,0.00011240149
79.256114,0.75411917,0.00010240246,1.3104557e-11,0.00010240246,1.963085e-17,0.00010241413,0.043025746,0.39310205,9.740243e-05,9.9541325e-05,0.00010142373,0.00010240246,0.00010289469,0.0001031613
80.56707,0.74707838,9.4062652e-05,1.2082836e-11,9.4062652e-05,1.8359059e-17,9.4072926e-05,0.039223112,0.36862,8.9688862e-05,9.1377247e-05,9.3174742e-05,9.4062652e-05,9.4512577e-05,9.4756281e-05
81.89971,0.74025333,8.6473243e-05,1.1149495e-11,8.6473243e-05,1.7163756e-17,8.6482318e-05,0.035788002,0.34520838,8.2533565e-05,8.3969568e-05,8.5666012e-05,8.6473243e-05,8.6884943e-05,8.7107951e-05
83.254393,0.73365966,7.9563985e-05,1.0296456e-11,7.9563985e-05,1.6039359e-17,7.9572019e-05,0.03268382,0.32290605,7.5911516e-05,7.7244188e-05,7.8828189e-05,7.9563985e-05,7.9941134e-05,8.0145438e-05
84.631483,0.72730889,7.327141e-05,9.5164633e-12,7.327141e-05,1.4981389e-17,7.3278531e-05,0.029877599,0.30173652,6.9797236e-05,7.1133802e-05,7.2598813e-05,7.327141e-05,7.361732e-05,7.3804714e-05
86.031352,0.72120804,6.7538159e-05,8.8029793e-12,6.7538159e-05,1.3986206e-17,6.7544474e-05,0.02733967,0.28170922,6.4164701e-05,6.5577571e-05,6.6921559e-05,6.7538159e-05,6.785582e-05,6.8027922e-05
87.454375,0.71535933,6.2312388e-05,8.1501061e-12,6.2312388e-05,1.3050791e-17,6.2317986e-05,0.025043346,0.26282108,5.8987399e-05,6.0520739e-05,6.1745562e-05,6.2312388e-05,6.2604497e-05,6.2762763e-05
88.900937,0.70976006,5.7547221e-05,7.5525085e-12,5.7547221e-05,1.2172556e-17,5.7552178e-05,0.022964637,0.2450581,5.4238484e-05,5.5914201e-05,5.7024833e-05,5.7547221e-05,5.7816214e-05,5.7961956e-05
90.371425,0.70440251,5.3200267e-05,7.0053499e-12,5.3200267e-05,1.13492e-17,5.3204646e-05,0.021081982,0.22839702,4.9890997e-05,5.1714036e-05,5.2717747e-05,5.3200267e-05,5.3448336e-05,5.3582739e-05
91.866237,0.69927409,4.9233176e-05,6.5042371e-12,4.9233176e-05,1.0578591e-17,4.9237034e-05,0.019376009,0.21280695,4.5918104e-05,4.7881033e-05,4.8786596e-05,4.9233176e-05,4.9462298e-05,4.958643e-05
93.385774,0.69435759,4.5611245e-05,6.0451733e-12,4.5611245e-05,9.8586806e-18,4.5614631e-05,0.017829316,0.19825089,4.2293351e-05,4.4380214e-05,4.5197205e-05,4.5611245e-05,4.5823203e-05,4.5938027e-05
94.930445,0.6896316,4.2303064e-05,5.6245174e-12,4.2303064e-05,9.1874441e-18,4.2306022e-05,0.016426271,0.18468716,3.8990893e-05,4.1180379e-05,4.1918585e-05,4.2303064e-05,4.2499465e-05,4.2605852e-05
96.500666,0.685071,3.9280194e-05,5.2389504e-12,3.9280194e-05,8.56284e-18,3.9282765e-05,0.015152829,0.17207072,3.5985709e-05,3.8253674e-05,3.8922636e-05,3.9280194e-05,3.9462488e-05,3.9561222e-05
98.09686,0.68064766,3.6516882e-05,4.8854449e-12,3.6516882e-05,7.9827896e-18,3.6519103e-05,0.013996374,0.16035428,3.3253777e-05,3.5575195e-05,3.6183873e-05,3.6516882e-05,3.6686375e-05,3.6778167e-05
99.719456,0.67633121,3.3989796e-05,4.5612397e-12,3.3989796e-05,7.4451699e-18,3.3991701e-05,0.01294557,0.14948929,3.077221e-05,3.3122627e-05,3.367919e-05,3.3989796e-05,3.414767e-05,3.423316e-05
101.36889,0.67208986,3.1677798e-05,4.2638163e-12,3.1677798e-05,6.9478169e-18,3.167942e-05,0.011990229,0.13942683,2.851937e-05,3.087593e-05,3.1387633e-05,3.1677798e-05,3.182512e-05,3.1904889e-05
103.04561,0.66789133,2.9561729e-05,3.9908782e-12,2.9561729e-05,6.4885366e-18,2.9563098e-05,0.011121192,0.13011824,2.6474931e-05,2.8817053e-05,2.9290208e-05,2.9561729e-05,2.9699464e-05,2.9774035e-05
104.75006,0.66370374,2.7624222e-05,3.740332e-12,2.7624222e-05,6.0651204e-18,2.7625367e-05,0.010330227,0.12151573,2.4619924e-05,2.6929697e-05,2.7369693e-05,2.7624222e-05,2.7753243e-05,2.7823091e-05
106.48271,0.6594965,2.5849528e-05,3.5102703e-12,2.5849528e-05,5.6753634e-18,2.5850477e-05,0.0096099282,0.11357282,2.2936749e-05,2.5199106e-05,2.5610474e-05,2.5849528e-05,2.5970627e-05,2.6036181e-05
108.24401,0.65524121,2.4223367e-05,3.2989553e-12,2.4223367e-05,5.3170837e-18,2.4224146e-05,0.0089536333,0.10624468,2.1409161e-05,2.3611891e-05,2.3998396e-05,2.4223367e-05,2.4337261e-05,2.4398909e-05
110.03445,0.6509124,2.2732783e-05,3.1048045e-12,2.2732783e-05,4.9881404e-18,2.2733417e-05,0.0083553478,0.099488413,2.0022245e-05,2.2155879e-05,2.2520622e-05,2.2732783e-05,2.2840122e-05,2.2898218e-05
111.8545,0.64648827,2.1366026e-05,2.926377e-12,2.1366026e-05,4.6864509e-18,2.1366536e-05,0.0078096757,0.093263177,1.876237e-05,2.0819986e-05,2.1165513e-05,2.1366026e-05,2.1467398e-05,2.1522261e-05
113.70466,0.64195119,2.0112429e-05,2.7623607e-12,2.0112429e-05,4.4100058e-18,2.0112838e-05,0.0073117585,0.087530344,1.7617133e-05,1.959411e-05,1.9922508e-05,2.0112429e-05,2.020837e-05,2.0260289e-05
115.58542,0.6372882,1.8962317e-05,2.6115614e-12,1.8962317e-05,4.1568813e-18,1.8962643e-05,0.0068572204,0.08225354,1.6575292e-05,1.8469036e-05,1.8782027e-05,1.8962317e-05,1.9053312e-05,1.910255e-05
117.49729,0.63249126,1.7906905e-05,2.4728918e-12,1.7906905e-05,3.9252493e-18,1.7907168e-05,0.0064421197,0.077398658,1.5626698e-05,1.7436358e-05,1.7735377e-05,1.7906905e-05,1.7993396e-05,1.8040193e-05
119.44078,0.62755742,1.6938224e-05,2.3453625e-12,1.6938224e-05,3.7133844e-18,1.6938439e-05,0.0060629044,0.072933844,1.476222e-05,1.6488408e-05,1.6774669e-05,1.6938224e-05,1.7020611e-05,1.7065183e-05
121.41642,0.62248887,1.6049039e-05,2.2280724e-12,1.6049039e-05,3.5196688e-18,1.6049222e-05,0.0057163739,0.068829447,1.397367e-05,1.5618193e-05,1.5892744e-05,1.6049039e-05,1.6127687e-05,1.6170233e-05
123.42474,0.61729275,1.5232786e-05,2.120202e-12,1.5232786e-05,3.342595e-18,1.5232951e-05,0.0053996435,0.065057952,1.3253728e-05,1.4819342e-05,1.5083104e-05,1.5232786e-05,1.5308027e-05,1.5348725e-05
125.46628,0.611981,1.448351e-05,2.0210052e-12,1.448351e-05,3.1807665e-18,1.4483669e-05,0.0051101133,0.061593904,1.2595868e-05,1.4086053e-05,1.4339855e-05,1.448351e-05,1.4555645e-05,1.4594661e-05
127.54159,0.60656998,1.3795808e-05,1.9298037e-12,1.3795808e-05,3.0328965e-18,1.3795974e-05,0.0048454405,0.058413815,1.1994284e-05,1.3413051e-05,1.3657648e-05,1.3795808e-05,1.3865115e-05,1.3902596e-05
129.65122,0.60108011,1.3164784e-05,1.8459809e-12,1.3164784e-05,2.8978055e-18,1.3164968e-05,0.0046035143,0.055496065,1.1443827e-05,1.2795544e-05,1.3031637e-05,1.3164784e-05,1.3231514e-05,1.3267598e-05
131.79575,0.59553538,1.2586004e-05,1.7689764e-12,1.2586004e-05,2.7744179e-18,1.2586216e-05,0.0043824338,0.052820813,1.0939938e-05,1.2229182e-05,1.2457428e-05,1.2586004e-05,1.2650387e-05,1.2685198e-05
133.97575,0.58996289,1.2055453e-05,1.6982821e-12,1.2055453e-05,2.6617572e-18,1.2055702e-05,0.0041804882,0.050369887,1.0478588e-05,1.1710029e-05,1.1931047e-05,1.2055453e-05,1.21177e-05,1.2151353e-05
136.19181,0.58439232,1.1569503e-05,1.6334373e-12,1.1569503e-05,2.5589413e-18,1.1569799e-05,0.0039961397,0.048126699,1.0056225e-05,1.1234524e-05,1.1448899e-05,1.1569503e-05,1.1629807e-05,1.1662406e-05
138.44453,0.57885546,1.1124881e-05,1.5740254e-12,1.1124881e-05,2.4651771e-18,1.1125231e-05,0.0038280071,0.046076142,9.669723e-06,1.0799454e-05,1.100774e-05,1.1124881e-05,1.1183418e-05,1.1215061e-05
140.7345,0.57338569,1.0718639e-05,1.5196707e-12,1.0718639e-05,2.3797548e-18,1.0719052e-05,0.0036748527,0.044204511,9.3163361e-06,1.040193e-05,1.0604652e-05,1.0718639e-05,1.0775574e-05,1.0806347e-05
143.06236,0.56801755,1.0348131e-05,1.4700349e-12,1.0348131e-05,2.3020426e-18,1.0348616e-05,0.0035355703,0.042499417,8.9936602e-06,1.0039359e-05,1.0237013e-05,1.0348131e-05,1.0403614e-05,1.0433601e-05
145.42872,0.56278636,1.0010994e-05,1.4248154e-12,1.0010994e-05,2.2314813e-18,1.0011557e-05,0.003409174,0.040949715,8.6995964e-06,9.7094243e-06,9.902479e-06,1.0010994e-05,1.0065164e-05,1.0094439e-05
147.83422,0.55772783,9.705122e-06,1.3837426e-12,9.705122e-06,2.1675793e-18,9.7057709e-06,0.0032947898,0.039545434,8.4323206e-06,9.4100684e-06,9.5989657e-06,9.705122e-06,9.7581084e-06,9.7867422e-06
150.27951,0.55287779,9.4286584e-06,1.346578e-12,9.4286584e-06,2.1099077e-18,9.4294003e-06,0.0031916474,0.038277723,8.1902581e-06,9.1394758e-06,9.3246321e-06,9.4286584e-06,9.4805817e-06,9.5086397e-06
152.76524,0.54827194,9.1799782e-06,1.3131131e-12,9.1799782e-06,2.0580968e-18,9.1808202e-06,0.0030990737,0.037138799,7.9720613e-06,8.8960601e-06,9.0778682e-06,9.1799782e-06,9.2309509e-06,9.2584944e-06
155.2921,0.54394569,8.9576792e-06,1.2831678e-12,8.9576792e-06,2.0118321e-18,8.9586282e-06,0.0030164881,0.036121908,7.7765927e-06,8.678454e-06,8.8572848e-06,8.9576792e-06,9.0078073e-06,9.0348939e-06
157.86075,0.53993399,8.7605748e-06,1.2565901e-12,8.7605748e-06,1.9708514e-18,8.7616377e-06,0.0029433979,0.0352213,7.6029117e-06,8.4855013e-06,8.6617062e-06,8.7605748e-06,8.8099584e-06,8.8366427e-06
160.47188,0.53627132,8.5876896e-06,1.2332551e-12,8.5876896e-06,1.9349431e-18,8.5888731e-06,0.002879396,0.034432208,7.4502652e-06,8.3162528e-06,8.4901658e-06,8.5876896e-06,8.6364241e-06,8.6627578e-06
163.12621,0.53299159,8.4382578e-06,1.2130654e-12,8.4382578e-06,1.9039442e-18,8.4395688e-06,0.0028241593,0.033750849,7.3180826e-06,8.1699644e-06,8.3419054e-06,8.4382578e-06,8.4864347e-06,8.5124677e-06
165.82444,0.53012819,8.3117259e-06,1.1959513e-12,8.3117259e-06,1.8777403e-18,8.3131713e-06,0.0027774493,0.033174437,7.2059744e-06,8.0460996e-06,8.2163769e-06,8.3117259e-06,8.3594338e-06,8.3852143e-06
168.5673,0.52771398,8.2077586e-06,1.1818719e-12,8.2077586e-06,1.8562659e-18,8.2093453e-06,0.0027391132,0.032701207,7.1137352e-06,7.9443348e-06,8.1132488e-06,8.2077586e-06,8.2550842e-06,8.2806592e-06
171.35553,0.5257813,8.1262497e-06,1.1708163e-12,8.1262497e-06,1.8395057e-18,8.1279848e-06,0.0027090878,0.032330474,7.0413511e-06,7.8645703e-06,8.0324164e-06,8.1262497e-06,8.1732784e-06,8.1986947e-06
174.18988,0.52436204,8.0673376e-06,1.162806e-12,8.0673376e-06,1.8274977e-18,8.0692282e-06,0.002687405,0.032062699,6.989012e-06,7.8069451e-06,7.974018e-06,8.0673376e-06,8.1141551e-06,8.139459e-06
177.07111,0.5234876,8.0314276e-06,1.157898e-12,8.0314276e-06,1.820337e-18,8.0334812e-06,0.0026741998,0.031899601,6.9571296e-06,7.771859e-06,7.9384563e-06,8.0314276e-06,8.0781206e-06,8.1033594e-06
180,0.52318884,8.0192215e-06,1.1561882e-12,8.0192215e-06,1.8181817e-18,8.0214459e-06,0.0026697216,0.031844288,6.9463616e-06,7.760001e-06,7.9264284e-06,8.0192215e-06,8.065879e-06,8.0911013e-06
